0134f9f410c65ad0e8c2254a7e9288670e02a183,9.494171850426028
035f97702f2c01d26ab1fae8f39ea2f98a0caa3c,2.5504123410622497
06024da8147b5cf6105beb4c403f67cf1ff0aea1,21.164324647802754
0aaebc88f6106684d6993c156104c1ef36cf94e0,-3.263558198114726
0bf111a9caedf02804f6991792490e63bc21058a,9.48350595754326
0d815307d5307124d148bbebfb41497230c4bd15,6.913852729905858
0eb93817d6eb3d5bd3e44dbc75971eea193b924f,35.42907664099029
12887fd9a4df4ba9b88a71f3fb1d2502a75995dd,9.401740877486528
137ffd846ed245676a14f1d5e8676a4ef646182b,-5.518227419589307
138c5848f009c004f0b8e2379316d5ec18332ff8,-15.305958923296838
209d7c77e7a150b6990a3372f7cb24da0c0e7e07,20.821430086852505
2383a9a33025aa8759fee9a890f6420df0fc8b47,-3.428431192765407
248ff20c10b7d18c30fc84ce214936f5bb440e6e,18.514960281065598
2855b4b4d03c37c94117e615a25e0e321ec8d77a,18.298959544306935
2fa311a94bc0da6d97955730d071ad6fcc770bfd,8.76797834936534
326a025b5c23347b9eb2c5ceae75a5908a461f69,9.133673060185053
339fff79c43561c995b29972a962ccec846c599f,17.4264727298915
36dbfe4759f861ee72011812df2178cbbfd736a1,10.230452846590627
39713cf2db02601e4bd6360ba70f8013c0433f48,26.209278661574327
3d4f612148056feeb651f4711c1f640f5015101a,-15.797452242470456
410357eb9129023509cfaf8d38be61c050bb3b05,0.5612893978224935
4dcdd4c95ba88786172619ebea8aad4ec757a150,-1.5499758738361793
4df58b4a53afe49f40e1c054f9a2e8553352e254,21.1705283550482
4f571f241bb2d884216b4712cdcd482e310a718a,6.556319098824563
508e0627871ed482bd8ab34544e43e5d856a889c,3.7674609367155476
50f17ae2d9048b293cc969aa8668b365f9773f1b,4.131930057155297
5235e36e00b0e927e6ce9f6f771ef92915857989,6.310186190923218
529d7e5b25e40c18bb7ea49be0963ed7f3e288ea,8.064735315840457
541270fc6468b9399001ee5a8bfa0cd380e1db60,30.687291774097396
549b4b9f5408631f8a062a6a3b71c496646ee0fb,-4.3866004910049465
55ef1cb9ba9a618396f8f82aefdc261d00864381,2.675963294367426
5b023883ac089df249ef06f7c8c4398f37e1c55d,-10.471935848655798
5c67cd01bb445f9b80d30f2c551d0d42776898fe,5.015803869689891
61c0c30e1af44a3ad57880bfab7a88591a434b92,-6.769653801438849
6434afe6261c6f3f4fdbad511a2db8ef090f8c07,25.577095067728134
67212308d026508fd5b6942ffbbdd7b0be2e89de,-11.23594325124758
67f697ac574661dca982dcd95ba358bde5b48a8e,-9.21745736378761
7186e8a3fb8c0322eee7e354ed8f1669885f6774,15.547480763536246
72a34636b5a1de1c3796e43d5abc564b4d0803e7,8.189570252143124
737dd3b5a70f36e8bb79f4c5cf86c7ccfb1e7d55,3.1285791996756585
73c38d8466f153b974c09c066d1469f63b856d07,0.8814255388627883
73ec1e02101d9e26fb75fe8580eec218d09ba78b,-4.702847737843017
7494b38c6d82b590c4afa6cc975f583f51395177,1.326288501633424
75ef6c3aff156ef52aa846c2fc3b26271e50e335,-2.5553933151138652
797c7c555f32a47816ca7f0c017002a2131c132a,-5.252930007673859
798e6393c36bd3b6dc0a9f97de7d4c87a6e5b252,-9.213746826711548
79fb09750bdb85310622bf240e1060ef8de8bce1,6.623074739136151
84a17972cc6d29489bbe205a9e7feb8745726fbc,19.468427919543103
84b6b2d70924066c8345f2bc2281791ae3188da2,15.238176701574437
851d9a4b9b8e236f2d62282ddf06fae57b7d9492,-5.882850598931016
8531dba6dd1818a4e3f3ba5e355e1e5ea9276afe,8.06074501764548
8554d1155712da4bc72ec5921db3227311265359,-1.3337678604128627
8576d2d269326a29503a1763996227723fa531a7,15.955491054285789
85838695003ef753ce13327655b84defa54d6eae,-3.7344909720515105
859c3b6fce7256abf5acfef957e6c04134c01e4b,14.936761098218746
85bebedd9d4605ff6823f6f25c761e64a588bf22,5.132683905258229
85bf028205803eb9b1e5494c540ddd2938606606,-1.2178110075287902
861075bc29124627aacce66a29c6dd835abcf3be,-5.323314018484076
8674a295a4ae610ccd77b60cbaa692db6a875761,-2.949941962313443
86a7e49131f2acbd350c4b0b9a2243838bd4e122,18.408527025010066
86adc493a1cc74328222a194a1d1e3adf098b5c8,25.53005244381563
86d9a98ab0225d2c2faf6d51fe3b9fad194c3ce3,23.420519842284133
87322721181928972ce2b67242f61ff23275f3dd,5.9627077550920795
875e48fd13e52a01a4d48d745d72128f25b9ec81,6.085146968653564
87752697bce404c9b410be71a45e76f3c7fc9392,7.611007030166714
87b3a5eca0c70c7828168756cd7813cc8b3285bd,10.480591752072542
87ce4212940578f8ab9aaab4616b104ab515d4e9,-9.328600831603595
87e4a8d6efab19e147f510e9b5d10c0d0ff5845e,16.446975508829823
88003ba023714648c4312658ad9a4b3703e56de0,-8.275122431930463
88188301e8d3565c7f1e2cee1f9ab8794676216a,-2.2569102650872024
8819c6723e6d42ad569274ebe2ce4212fd8621c4,13.718137432046127
884afc60bb87e1f0d85311221487273fc5d13d13,-1.2727251407261857
8866a6da23ad8a2abfb243905e0b5e2c98e366bc,0.8023784057843484
88a694a270a460f5a09e1e8c569b036d03b9b5ea,16.246848380133166
892240639d1170ec0f4bb6248ba3e9bd390ed089,-0.416435318977185
89521736c16fbbd86315c3f3c555132aee8896ae,11.696809083682517
8960e95f79cd20b46b7e8fd09d0aa88015566a9a,11.53318700045631
8968e2c95fd09b05d48b4b094529d54d06bf6da5,4.279156793773559
899bf68f741b96e69c8b1d6bf22fd86e00b7c00f,8.903837713476124
89b7eb7ce1dccd4f6a7eb59017ac455cf1e57766,1.5123719040170522
89cc639060f3d63cf21d893882e544497e32aeea,3.5982350692668126
89cd14d1bb26c559102e9080a85ffa977cde7fda,23.350212959429783
89d4e10b3c250c027e108d10ebc00bda239e7e39,11.37249843479924
89fe8b96c04597a0fb63dca3a86e5f36e7580940,-5.757626860373479
8a97d52d61d704e77f82fd7f1161d98054f48f25,5.914358838242036
8ab396fa5981adcdc777254c57ea744f1fd4cd2c,23.379758852126017
8aea6c59a11267f4143312770b4c84a2be56f353,3.198912864972371
8b158f3040b574b6d08148e24946fba8bbdc29ca,-13.47715967652896
8b2735093e532de21b7aabee43b9c76278bdd5cb,5.943730869573486
8b3f8cb80815c489e6278cfc1a371b3bee3f6e1e,4.597773152963151
8b43c7696dc13421431102cb4385363ee33513e0,20.374093870300996
8b557374000feae5ac9aee7b4078bfea53176ffc,-10.822034742897367
8b65dcf807a9de0c95c0896919da04523176fab8,19.563465048226373
8beffc1494bb81af08c352aea875a183e45bd824,6.612846811030242
8bf27a767fce0a5fb359059183d06e01d62dca8c,-6.7149960644455735
8c5d6de5fca9e769de9676c911d9e082ec1a9fb4,11.484202870483502
8c6976c873d2ab3f4af9188a4189c46a032a53d5,-2.0924253466668006
8cf96ad1e77c722694ef03a06a781d61d632f2c0,3.202683314480219
8d0a196c1c472a4601384f4235f293c4a341b3a9,14.49476351668923
8d14518288c33c098206996aab23c31b3eefc864,-15.7148104609326
8d65a433657534866907ca34885953c36951db06,0.5716280105624163
8d811d7887c2c868b631a2bd296412bde2b49bae,-7.136248278982709
8d9b19c2ff7d630d2d48932f3c1d35aaa97ad51f,0.7730166700886842
8dada7632816cb20f182c306ae74184ea9e056fb,8.706218790194985
8e20affd5aca29391f582b7dd756c83205297c11,5.788225680553683
8e3a076971fce919b1a5a0bc62dcef86264a1c24,1.2106552576136131
8e5fc3c13f17c0502fe3f0a8404b461b46183f8a,12.793980511137859
8ee77ba42fdd6aff7a9eaa84d70064c4cb39cdc2,21.140293847303273
8ee958ba68793684a9962e1b60847d7b73d7c9d1,-1.0960978617568298
8ef999ab1a83c2760064ac6c7a4b6c4115c5a186,-4.553653898206372
8ef9f17bb904f437ec0a9849d820ed0f86843517,1.5611774767279507
8f19ffb508b23f955b93ebd99153f8ec99025785,18.27778255481448
8f7402db46b9b2a95aaa8282be9e471a3ee659ba,16.782397607230646
8fa7abd9421e396273c3571b177340434fc132f6,5.792842866298446
8fdb7157f90753735edf97fcc828b75e6a8042d6,-5.937306763667573
9038ddd6c0d498cb8c65b4510e99e8527eabd40c,-7.6057800061490735
9081ee605de7c5e739569f3f829cba953cb918f4,21.6564142187511
908365770c09838aa1bc1874bf3915779910e775,13.581865201970079
908ccf9bf5e0e7ab597a09fa19d91b1a5563b43b,13.936566738872544
909386947a62f62c8b94ddde0b623b87c01e2524,-5.130611496686335
90d54808ce52c41418550421c387818cae759dec,21.738359083837874
911315669fafba0a06cdbf08da7cff7e81f49759,3.398157240671499
911daa5a6058823b007274f35ba038da7ec89a11,6.909628298352546
911f5eafac3def56e71836d495b740cd059edbcf,5.796223469370895
913eb5b320c3f4b475e8064303960997b0dd7a9f,-10.780084076379717
9167062812b68b140da9de7f824ec6131ef31a01,21.657681864517357
917f1aba835e5d7e79fc124c1d7a3c8c2588cf8b,1.9215099043833903
91ccfc470d803af51ecbb91da39db5592e3a3324,6.017863284051937
91eb4058d0937eb5499d0f6b2a8dbae6f47eddf9,28.229198374811972
91f7019ee1831ead0e667cf264dfe7be6b743f3f,11.453461915565843
920523a6f06947927c3d1b9c2c902fae6eb740a1,3.4768415654663594
921b990c548efb5620585b0fe3049ed43dfda903,6.265348608856341
92213400df98f5441533511526206328cdde4159,7.477819154181361
927008a1eb1983b52fe269b504f398ca185603c3,0.2622040434783086
9272bf390ef4a8e31a5285c14ec721495414c53a,0.4016869304207953
92828f67b16f5e96ddb0d436aaa6f1193104c037,4.485192836893066
92a1cd997867a6115b3d079903e63aba8dd214cf,12.119717036173814
92cea32d04d98c66af1c1366fe9811047a9b1cea,-1.2809827608380067
92de4c1319bb3b07781b63801e4599302764dc5f,29.401780836808815
92e2b243f8ca7bf1ce773bedf8205980f034ff05,1.0858034933328882
92f51b59f25a16e76b18441fbe797a2fa2a5d3b5,1.299679663222781
934776ec5bd2147907362602555bd692fc56aab9,5.397622709101869
93635a4013ec683f217cad90ca4e41aa557c3922,1.5733781844560069
93bda77bd8d32e4fa1a0549b76f807fbc22f1f7f,19.570999431564665
943f8910b7d79d76726a7c50a996a39a00fb033b,-11.031826875138217
945546f9d4db4b9599e57ffd4271193406f0d96b,-4.413110508035272
947a2e7cf57ae1a546f98831d861cd87c4fd5ff5,6.307926296849906
948fbf59cd52083820e8e1682a5bc2a34793997a,-0.3847478149272128
94ec21d59f07c2091e0359a0085fa6c569ed30c4,0.2973294700183313
950671c7855e25bf4a8330768cabc430bee030c9,-1.8032688482703323
951b5bb9ecd6593cecd2bd72fdf62a0785bd3b3b,-3.6777657725633848
952c0daa0b72620df1288d516f0a2abeb5b3986d,-12.155708157518575
952e48fc51ee7afbd972a8305c2f22a80ce9ce92,16.233043127954847
95c2c72faa0bcedf9452be96511b7ab488754e77,-13.380352239007046
96013c7ce1186c9a18f5127959bb867243b1b9f2,4.569349434410195
962de82430c78164a7c1cceffdfe31dd0f3c3cd3,-10.125504504435861
96d8f7656a57c4a757129d95863a463358a0c3ca,24.93931038715122
96ded661b95e3d4d3cf1c8d45aeae3b335224583,14.530440373142415
970dc7689a54be2108e10cf65af78d85288b64e9,13.717881926135906
97469bc8eac2e4fd57266fa9821a50561a4d8473,18.830041840630862
97983f3249349cfcb409b75d5f53e5cbab2bfa5a,14.30754009028385
979ddec134899a31461a05d820b9d6cad713715b,26.757979766912477
980a5ef7011a98b8fa55e5ac3d7ebce6f7784286,-1.9090080190804652
980f92c1ca3d1d662e790e884a1bafb6785dfe45,-0.09427952643620863
9843de5b71377fd3392db81e3178e11bbe90d95c,19.490785311564167
9871e11a3a4574e6b565733fe3e565f13d670744,13.842679112664769
987888aba1d68d84a51fcfef4131d649024e0aec,10.073318168579775
98903e3bc03971360097ad809526370f701ef5f7,-0.9911173008683614
98cafa82b3e7f1a3a179c62509778cf9290ca87c,8.238793906304261
9906fd2917a481b373848f6d084228f34ace63a4,22.419848216198794
99103791231143dd15aa77f2aeb87b2cd4a1c22e,2.4012471662848216
9938999e257ea21c657f6c63ff386937544987aa,16.61135561398018
994f5b5cdc8a126efbb290700caf797948ac1841,24.390002144461356
99751d158308f801241e028eb7c6b0363fc6ec88,6.372429742305383
9981528e7324f2d92c27f163b5d0424a07f94b67,5.113709390888159
99935e2b7f9f41bd823ece5418896aaf72e223fc,6.798479340767959
999704c760821f39257d453f58ae57cdc5db7cee,9.053194076678611
9a20834c7ddbbf82eff849ff8e4f321b856970de,-0.8812140948199723
9a31bbe1021725b074357ae4668bed6eb7e46bc1,-8.33136178233644
9a5d7462df7a85794cd0d7d2c510ebf725d2e13d,23.56484812391602
9a6d7a470aab3fb51ab58261637c58c239ad804f,2.391131993821838
9a7c94325cf12595e72895187822c354cd8ef458,12.983623083953225
9a8ad4a46036cc65da3ce25da0a1b9e70f979655,-12.159779157947622
9aace874af47927645c48f21ffeb82f8e15f24e1,1.768833403662724
9b0622ca034d946055f8590f554fde632487742f,9.112598048240086
9b4fd6bc9be128b294d3a8590bb6a146bc503902,10.11487750073479
9b536900fbffe20f4db747af055dec68b3ddb6ab,0.35760392029278076
9b6d776d82bca421eb10bc4a1f5f866af7fc2a3d,5.900842970324912
9b788cef19b68860b4cba1f072cfc4744e6610b7,-0.8455203527067203
9b9216e586500b4d619e331890d3745eea1176b0,7.73216776442807
9bbf52d74e4300842b27973d5e1d65a74c54c1b9,10.269893762549698
9bc8e6286b7a331de79c4c4e868b806c0b3bb12a,6.517694747183887
9c03af1da21c500de8e0a1be24e3c22d341961ca,26.58329639207708
9c4e901d499220d23e819ffe0156ef62c7bcfdbc,11.631816379776895
9c59b505cc82ae66d54df9629666137c9527e56d,10.902811080604081
9c8c8ca8e36d83954ecf380f84b01759c8363df6,18.787491821769187
9cb2a2853cd6c58a9b7d07a87ef3138c3cf723b8,2.9119167880383676
9cf17df2214b19cf4cd63df22b802afde8cb98eb,6.600591489924065
9cf5d1c0d7ddfd6b78c222e83894ca3a75ee47f2,-10.528202228289867
9d053bdf589efd451ff25e1977e438b11122e0fa,6.222883606896123
9d12b920015fc145b62c73ca689e71a362e33b35,5.516437895555563
9d46769291771df99e8061cc9c5d79aacb087210,-8.01252869028796
9d549d02a71100ae95cf02deb371138097549edc,9.179668648984567
9d69c1d50467997289ee1396002cd197883a2b74,-1.300459265474502
9d789185f1d5fb7bd42acd9d6dc1f5380fef1c4c,36.23742188704992
9d91374d67624389dacb4b429b8fa8c18442b29c,14.35573409899377
9db80a153d642e12571588fd68473c6e307195df,2.483779297756531
9de51c3306c206bfeaf41f4aafc8526300a9f103,28.576819830079913
9deeecfc873e74ca5ef8b27fb6b22bf7a536ab86,7.154716925084369
9e0457ac0f2824c5e725d83bdeee91ed078343b4,6.658243313558376
9e1f7de0fe95b78cc2236adb52b0420b382b40c3,3.3076610810049236
9e4c480f54169dd91629ec30917139f2b16bf6b3,18.07021121338628
9ec1ac8c3d812703485bee8d58b2a81f4edc8754,-7.230937134408533
9ec591a707f8d7eaaa8b43b6faa23292511ffef3,13.430535948853981
9eef5b76500d606c0ace08b9cd3ee9403e9e9664,23.85022351280632
9f605b4802c811805adc38ae19035ded09a5e4b5,-19.67865905092006
9f8f3fbc1f6d3f36859a33054203c55d028c6e65,20.1744316990373
a05a86b21a7d5922fed8c50f36d307ed7a8cc70b,18.641612142330803
a05ee87ddc674ddf01518fe125eaeec0820ea53e,0.9621942041544167
a07cb417ba30c0e4d8cc3831f093740ece8be01d,17.51553991952904
a0ec1fa9ef85571c363b1ff524a7bccd583b0ee2,12.283237088022728
a10c5f4ba04fc56032719cc84184c0ad5b5f8446,3.0306505874305794
a11fcd52b2df310a3f3bf8e0561a2c587005e96d,3.380430325068176
a130e19ad47a6849ba0261a7a81a8d9bb93f3a7a,9.616574934411883
a18783b2a14d61192a1b97ce3daca9e67cb8cd59,4.738167619403396
a1b60c404f7df8f6f2695982048cac298567b821,-11.51647238719461
a1d026f103e45011fefbfd9ddc32eedf16edd5f8,6.387232277156317
a211065a6e065d2421b924d4e9314f1026611aa2,-4.900735758664293
a22a58c5be8aa2c2700619e37f2b7a6e4efa7e6b,5.024508850122598
a244f431e70a9d4c780ac6914b564d98c04ac7ff,-0.9681676088927249
a24729ea6c4aab24a9d6dc73513113e8b8fcf35c,0.7729854786459658
a274dc9836c18bf295e9e81afecbdd72825ea79c,2.8982002229319925
a30f91cf4dd6e15b62a675de5087a6db82d61f51,-0.28690870129534307
a3748712b8685edb49cf966b7e662e1647503013,-19.830032997426382
a3c251eb71ac7769282f383672f19d3cf66f1b04,-9.073590125762802
a40402ff4c87721e74766e6751bb458653b3e686,14.987744929437381
a4a81c655f21aac65297532528cba5a28e8f5ab1,4.844156013109984
a50e88cb6830931dd1271dfc49b3497d63bd436b,4.252061625126915
a52c67c0bc1c6ae7da7c6e4d38cc7ac5a869ed39,-0.7467041571205231
a576ed0ff4b19b2c864b2c489227a491ac670b84,4.987852654229646
a57d3a31b965e00aa208f4d499c0b3637f759838,15.122118915234495
a57e6a1dc883554789ef6049be9b51530a7aa207,16.62322921140208
a593667aa30cd094ca66d70dbb5ee98fc64d38f0,30.408027302955087
a5aef107fcfe6b7323ead96aed8ef74a69efe042,4.189513960747786
a5b034cb2c29d312a2e5475da6174e196cfc3c1b,-7.611080351306482
a5f22a73b7cb93619da1f3cbc56febec52b1c16e,28.35173628043256
a5fbdd306fbe3003283cf2cb7ae4c371c9693290,5.71029904832866
a60f543d315ec120d2f433cdccc19342c9c3be02,19.409625988387102
a62742a35ef9194f7da07e547fe13f99bb6257bd,23.73976920526483
a632e2659eb116c7514dd825ffaa8939365c71e2,3.7522241257087963
a65549b33ec5839c95aa1e9c2e50f74685ad7cc5,3.4262075755537387
a688299300a50fed79edb502fb02fc503a564308,12.31278105545
a6bd1b3de6ceb8be610c33e3a0e4a89350700984,4.064846836991525
a6f3201e19df0a0fdf0a3d878d6a8d2e50eefc70,-8.82579866483422
a727c00002127704e5ae41a4a08948dc43b4aefc,2.9919000215166474
a7442b91887824d182c90cd82955b97a1404dc21,-3.8747207224597826
a74f9942a4bf89bc51a259bdd7f5427f1ccc82f8,0.31911740298651736
a75958bf7ddea02d2c0d5a300c83abfe240f3552,-8.58779862095904
a76e1891c401fc5f73f6942768488b1487533472,-0.37920232276705335
a7e953186fda9e7bf8368e2d00a19d024f7db5c8,10.15535973399233
a819175c8808635fda7c3854536f82d90a7b31cf,15.054372335072692
a832f98e370c27f9fbc8e0caec05700a96e89a4e,19.685624203438604
a90b8415afe8507a36e7be7511fd36f1045418b7,-4.739016286138968
a94238b07de77bffd5189487ac3d56b96db7e09a,16.97650874217532
a9947ca4f64f3122a22c7827ae089d48db8fd76d,-9.159261587644968
a99c3a5ba8f7e25ea61f79dd74cb89d6d8bf8a43,-4.195408700292665
a99ed97ee0e4d81fc9a8a5a5baaba5407a897b84,4.904870321373216
a9ccae25b9a8738fd3ce42dfb0fc5e92ca9b8d7f,13.37940628329619
a9da415ddd0567c5995957b2239621158a4521f1,3.047684953135245
aa01429991aa756b651364d54b7b28c2bfeb6c3c,-11.450056458899763
aa1696aba3e93761b292c97c68bb0e06bb2f537d,4.370373623924756
aa2166a08738eb1a62d78686cce70fc5572d0607,9.409822051985431
aa2288779d4ddfe46b3dcab170577d4f5096ab15,36.13558584977005
aa2ad4e1f1035826e6351e1e801eb57c0b494267,5.004401148414404
aa8508f6aa7e91da7efc770fc0e04c471463ffeb,0.9287147202707953
aa8e2b08e043c6d844c28cb004a224615af29e90,-1.200788520366462
aa953585f60c1f5711c6d5159abbcaafcc89eb77,6.633204759196056
aafa3b985fc5f4f1f6dbe50b8edc01713225dd2d,7.166308291843035
ab2a1e43f425b67817553405c41c09a9bcb0e9c4,6.21096983760544
ab4899d3252b533827ab7d15261b9edb38cf0a7a,8.84143378319191
ab4e0b5338de7292c155831c4bd68a740ae6d05f,30.239804430119765
ab7c842d24cac25a1a3852cce506ca92cb8ed428,2.6725359665600337
aba3f0810ff4abb82c285780965735f59dffc070,13.917599366395997
abae080e558fbbcf25131d47ef3dbea697548f14,-0.874652291846937
abf736b0441172883ba772951733e73d557598ab,0.5763303576755758
ac018ab3a6242492006b3ca1e0c508abd1761538,1.063137518980723
ac164aef8492a4d178d0704b602f0522512dd913,10.890225162433145
ac6104bfab84b79b7ff1f01c576e2b7442988f38,13.557158007061247
ac6522ed2e2b8a808bb80970ccffcb6572183349,0.5498422631032307
ac7569c6eb788ec3ca408850d164b68f73bb148b,3.885743586728788
accf49bc7124b7fdffea9e75a869a597c4e8adce,-3.0356573330021774
ad03c4fb44da8b106e362ef8c65fe2bf34a385d1,11.470645799855841
ad3d8c094d5606a8005bb22a4cf910e497a03224,13.707740856337043
ad57f4feb3cdcdfbb77d4ccd074d9ca50227661d,2.3567372908636948
ad77e6368d86e38cbf14a33770ca16b204522863,-5.373903825169176
adc3882c435a390c34d34279b5528215928944df,9.290044601554019
adcfbf9c58d92335f9b971f6a9afd19d9feab214,15.249380681431298
add17ba1901ea9804a604aeed6ebe191d784785d,-8.45229572888005
add21f371c1ade0e82ccdacf7ce016dc151a6968,10.602387591070196
add7a23a1b66010154da076a059216a13b90191a,-4.25686728199298
addfbcc77f77c6c80cc3e55261cec181722e68cb,8.327800357864717
adf4cd4036fe7649e15bbc8379f224685017b379,-6.1898085903125
ae75c8309bea2f4a1b1624ce50d0994d5b4dc451,8.942850663187839
ae7e6756887c7c2d0e3d26bb83045d298dcb5ddd,7.215544794165435
ae84ba8c1585fe80b8d2cc991a9cc4af2921a2a2,8.493057192002587
aeae992591ef4a9423528eb6029301cbd29daff5,-9.580947401806084
aef76b2d6bbd67cf3aac958965862b263c50d4e6,6.516971207648951
af124b723c6d0d777c60479978e8da661b34bc2a,1.9279692401505475
af12f06588c971f6425a28d61e4511bafff05bb7,12.736661102532857
af618fc07f8f8c9e1697d7e8ce5cea9dd4ddee00,10.307230281050854
af744dfd0234f2b89d667f962f13cff1b5d0c9e0,16.386865721163787
af8cb88c604c245257dfd33607bcb87cd357d3c9,-10.466689095925096
af99c21153a5cd9289febb0cc7d1f8cbee810621,10.503867398299484
afc376cc4bc5460a941a5d21f91d19f159cdf490,4.897721391473141
b002ea316ac314e47c6aceffd6583bd300962387,14.537957643500711
b03084cbf44b7fc100db518a5ff7ef7e9924c260,13.339195626510802
b041f9ef5ab6da232256530cf8e22c31ac99971d,-1.4403734846819356
b0718e2faa64ff947c0ba9e9516616b44c8f4a5d,-2.0652470335051047
b0f303b4bc78b12a467c465db3b050425eadbf64,-3.6515523975431687
b1179b71e93f6ccfe9702cc342e53c5c04d2cf60,16.032418675694604
b11bdeda44addd99b9b0cdc016fcd27262b51fdb,11.422188261886895
b11c7371190aaf26293afea3ba2146f21205f73f,-1.078245140954837
b152244728671db447c59ab0796fac9a423e1356,7.853039182787189
b1e8855867b91eadecefd05a09f101799008b8c7,20.022494467628377
b25340984452108c2928e20f412866a7dbf4646c,-1.3500625342192052
b27862a2f9590331f29ffdc8f3648dec2a7a7d30,-7.726318733754582
b2a46e3625d075ff330baf8e18019e1af424bc62,-2.041713992364616
b2b334fbcfc12bdf6bba8dc45aa8ade3ddb746aa,13.706494054529962
b2c520e7e4ea03898e0b8204fea068149d5535c8,6.331247827282729
b392a38d92631885c3b63500548976ac63518da7,-15.514740499513518
b3946c98c388b721854634038fbd1820a7ff046d,-7.9508482560451625
b3f68ef83acd623f98f4a03fc633905fb2a5b027,-2.945074239719757
b459886eb6e03f683c364b338a5c2f4776391dbc,15.190050452669198
b45e8d507778dab56f381a681c453cbf4d3b4050,3.8339381952659144
b4742d304d9cd4891aac3cedf5905676e9fcc9d5,-1.3006283236237648
b51687ca4edcbe2376bc3204617227bceb0a52c0,12.824270464341094
b51b95c923fbe5e4f47342faa554cacb44477016,9.403400697064779
b52028ddeb0e0289019154f32e763393f83a30a9,-1.0913164449661865
b56069b7f468c9cb3ff1ed8830af52d4e2fe60c0,-0.43032814240688566
b6535907c852434b9243df7a0e65f04d688d049f,-6.674613724990433
b68533a39390311fdd9ca8baced33145784eb561,-1.0505953468079277
b6cb94c201726bd4e4dcadc007dba2c69933e0c1,18.699858906831324
b6de7562a3dfc6522d1d9f86967f5159e3f2f090,0.031972915528521106
b6e252e4989b3b422d69eae06831ad0bfd396126,13.016725320428028
b7047722486e995e27292b5ab1945d72ab5a3708,6.563909430685028
b722e6209f2858faf0bf80947cadcbde586bb666,-8.131053768750435
b7289b3b24fd67017ed82f62a889b4c9a0fb5ba4,1.8493246255327715
b7297bd49e99532695b6290f29fac82928f9e03d,2.9544172134536053
b7298b0fe50443a623af9b56792b330c2d052845,11.131713949670178
b729f209cdcbb802e5f6f16fd902793131660968,21.19690238742823
b72f0fecebc0120609eb4643631055b2e7a31fd7,20.431634258724117
b75c5320a2ce606e7c46d1f82723e1e461f37a68,17.16120707948422
b7931b60e23916058a5767895b9214dac7a6515e,16.96627986452271
b7ea6b3de19afe8e98d52228dfcc3f3027f18891,9.857489693837197
b80a4c674f6640d304722f4a92eb9b47345f1258,-14.482135310389403
b8b78832d415b2137aaa400ec638ca3828510a71,2.827482869334968
b8e898c506ad360ead5d4fafe6651fadfed6645a,16.773636515443236
b9cfcb9ade5f88679b72a7977c50eaca7170206b,4.314354407037524
b9db6bc5ded963759b9a1db58adbaad3314169d6,9.401097475621707
ba0b274a12a5891f98da7f012d4c757aeb822917,-7.703325796017378
ba12c0a2cb367af0467e479c03507c71a805d291,3.535987959493906
ba37558e4c84bdb5486d1b3622b0ac7ed3d5222d,-7.2016657783781195
baa9b5294556d31b066df7e0dd8b1b0b1a8bb9f2,-1.935091915701154
baae1f7bd8567b6f9e220cc863c92124fa71e1fe,-5.759936372637956
baccf806cbacabe5f3a91ecd093cf36b4db436a6,5.339376481380493
badea8134ecf83e912ac6628ec12465e227c1e6a,9.79794129620468
badf8b0a0c342afb7e1eecc4fb19feb7ed28e180,17.49748993997205
baf05c058d7a427783ab9bde33f38d55ae8ac0cb,-0.05832238324432115
bb603e54f5809d802fec4c70df7b2c29a5125a89,3.8214649152653113
bb6bcc05d3ef04c14c73ce93dad8c9ea60f5297b,5.276845848470949
bb81a7f88631b987cd15c8d539e806ad17a5b664,5.885854981551411
bba75421c48ff666a96646bd283072492fc712ea,-7.3395664697662095
bbaeaab91cec9991b4747c8ca3fba0981bf68ad5,6.121812538289175
bbb7c8095658b847103c47aa2a4b55440b0e9ffe,1.5427090308294726
bbf7f2c725fe4c3e0eb56d29707437d1603b1c56,3.1170396009863595
bc1f0dc5b937d54fa64e44c1e4e0de0e5a4724c1,-6.317675160852879
bc54069a859b02cf1b00e7ab77d68132f9021c8e,12.00966232565353
bc8caaa2729aa0c9179e8d66388586a4a8586f20,12.788441896788575
bca16481f37f3534abb04344ef1855b0e56140e3,8.71108909283756
bd18fefd95851483c8aab15987fec421f92523fb,6.951465283025341
bd53f29596985f567c39329a8f8da5100810f0fd,-3.6555094340732985
bd81b591d06c4a726078a831c11516d6ee27541d,1.0406513256438914
bd9bd34617afb5bf1f3ff27e575c4df427ac32dc,-2.7850208000749257
bda97a680a69285ab84aefb75abb53676e7f6b55,10.549476131975457
bdc3fba009b4d570355de5bfedfb6766746789ce,15.676334475117908
bdcfd5ee015db872058dc442ab9d3c72518366ff,-7.106015345229611
bdefe60060197430834e27ee0ecc1d775f5e2b89,0.7951191272028337
be40efffa2a2ea77d3d2fb0cf1f8dd6a8da2b287,-1.4085636041044092
be6f4f4f657c80883591c6749a7951f9c992e4b9,5.193263580892757
be7b5a55c3a0343bda6a2a6ad09c5cfe8714b27f,0.44623888060758254
bec0491f541a76e4fa31e17842bc573c812cb528,1.8573512263504623
bf22fb15bf51bc4bcf3d50f7494caad62a596d0e,-2.703614718758266
bf9e4a55173e6e65b88bbf4f18744ea043b07ed6,23.92996377322336
bfb055d2c2ba396d5e6bd6022719b3ade1cd1407,20.47000650605203
bfe7f84ef78bc0134134fcb799465996fa84e4b0,9.097540198361006
c001ef5d0a98bae288e504e13db2f1d4533021f5,-12.417709830356912
c047e3345530b4b4634715536ac54cec9c756b66,6.720121829213524
c072621681c71501470509aeb1c51e3f9f98df5e,48.833051339048914
c084f1399d2813131b70acb3920068a454cea6d5,0.6947219397589119
c096fc1d9c0ad8efae9cfd509f75522c50603692,5.200392645459408
c0986547994c0c40ee739f045a02e1ce427ec132,1.7457571122430435
c0b8f55536e05f6da91c3b65ddfb69dc8daa12e9,11.502983009813198
c0c13857d74703fa66da743d1d670bc2b9957f7b,-4.872345843804474
c0d3079f5b83f8962c439707b96c7ee43be2ca18,5.1022568541743984
c1287b2f156f6963bdda82942a95288967e9422b,-6.861169378622163
c13d9b5245d8fc600da9390192908048857599ea,-6.549471553540114
c15e04639eb35379bc74fd289f38b1c9d21e2278,17.26499199184982
c162ce77f4002856b569f63b1e2b58ccd6d961e2,1.9941017219995252
c195c2ea359350b81a96211ccb40d03fb0501e7d,-0.5712626062260071
c20545cf079fcd100052faf6db21ee865023525f,-11.880365258282541
c21b13edbab3d247c8816a374ebb57ef71700952,8.807833568899825
c2660985c0dbf52fe68f7d3620fffa6ff8f2794f,-0.6988369799690624
c28a837bbc21a0b6ea686c34b12a7e6badbc9140,-6.296232708147079
c2ac862e74879f4b60191f0bb1397eff1e157c8b,15.718239798101726
c2ca84eba451533cc357b9c82cdc4c59227ee38d,10.679812759944664
c2da78b847fbfac6920b3c5a2086c79b3a2db8f7,0.39082751388726145
c2dc9b42636e453c1ad8e7a5e490654d39dc303b,22.136149957524406
c308727c618e21c478dba676bcea9d040d179f99,11.25847461596235
c3127c3c92a3d510a78a5248b4e7fac50ab81e0b,-0.15399822198480528
c32840e4bedac9715b49ce3f04b3dedb98007cfe,0.9862149117001535
c352dbabae85680f4ce4ebf67886666ce47edade,5.115823047173636
c3635fc4a7b4545fc6df8dcad81f86d1e08c66cc,30.398063679604032
c399382ea2553528d9b44a9aa6492cee7cf0b5c0,11.425360957295027
c3bf932c28538beb5024e80bd06e09c44661c8f7,2.3160967510080197
c3e73d0362e2b21fae6edfcf518063e8a28b7b63,6.568824031535525
c3fdd44aeb469416e4895afe4040e54eebc23db5,-4.139025891146934
c41c79391cd0c8816cebc9a0b4ef1fcc5c2e4018,-0.8962083539091026
c4504ac02ad7e7e0c9ea3a1d78601374e483fc30,13.130928330631045
c45bf22121eaa2f37dfec2f58729d22394ea220a,16.73955386000403
c484db51bb8e5e6218578a71ca541b135c2aa1ff,1.1296580296845993
c4dc23da121e0654017198804449e35b2e9c2027,-22.82559702979597
c4f595ca17b4c13287b0beec0dbd45d0e356055b,0.9264107805306163
c52befc118a44669cbf7912b419dfc433c1c0eee,3.2816220218381504
c52fc84d8cd2335788c472ff6fa6b3aaaa8f2252,-8.834745839060801
c5b963fdd21435b56c4cf55f49d652d92fc83093,-1.6883403564216932
c5d903eea354607809419b5e23c869ea16626a59,1.614613431586676
c60be70309789b39355dc612f36e37090ccad5dc,14.072960353287833
c667e08eaa5cf47dba38ac81da9c185659db42c2,21.78453789449937
c670d2529bab25c82fc7c3757cb11e7f2e404de8,22.76039649070652
c67df30ae6cf151f19df3e36d15f0361619ed47a,-13.593478583012509
c69dcaf9e10f52b187b13e678f9fe65505167720,10.868434522908165
c6b1b85455fc8ae7de258ff95875644d77f55254,17.5918503276267
c6e9fd605b75a5090b1879635a6db8da08b8a600,10.079696887405952
c746678029d2139e7658a0f94e98bbf09f258673,11.990235720530478
c757c72ff79910b22c548daf9067d6a682bdbb4b,6.711014599159063
c787e77b224890e7fdcc8e2ca0c0577657d98581,10.206060497014107
c8332f72a4f6049ef2f28e4a0fcbde9d142c8591,-5.713561239110149
c846650d2b1b4a07f67e13c5aa56c15185f81f15,-4.833826467545732
c87d4a1dca2349d1fbdff1c6d6a57708c1df793e,3.412254391903924
c8944ded19113906cf130904726028c5c1a11138,10.1435150019826
c8a8565f00553a00a5d510958dc8c40a4a477783,8.976709341395186
c8bd30152ccbeebb18f9b1fedac0869f845980df,17.3226441524771
c8d7193cba58a3bf26ba18f4ba5728c56ddcd4a3,5.566197934860453
c8ea10d959a7c782b45e6e83040472d432fa448f,0.7002164203159129
c9c6d1fdb1bc64d7137f0fb7050e334cbb7c0f6e,-10.370816619526385
c9c9df2ea1ddcc10cc57d4e1d92b2f8b33d94538,1.4429990013052572
c9d7b86399869ced995a6e467a257c3915339562,8.781578672494287
ca01f93cb3384006f7af5de96bc25f924ad8bd14,-11.763940216038879
ca3bb5c80bd96ba545e0a42232c6fcdb55f7106a,-11.11566707670514
ca6829e71c271976a4eeae12cbba5e49f232da3e,21.43941384252843
ca84b66fa8d2c26e91bcd21dea081bb062e51711,-15.842924694539963
cac291a9658d7ef15e1ef0c71b188d96eec19ad0,-27.90970034270883
cb0f9c7be617b2bd18ae83ee9e85b621cabda67c,10.430779071541748
cb16d181d96fc8c94f8416437c059b5f0aabded1,22.297214064719228
cb713a14e9dcf23999265a8826e204beb646626b,-18.564938722380052
cb72cf616f3cafed458ef94be529c172bbcc5277,11.860502908279841
cb7cbbf59876001661704aca5fa8d70467f514a6,0.5977950107222902
cbb7db3eb5270179fe8ebb9e73dde2c894c9a971,2.3913327528095283
cc1f8f78f5ef5237c717194b38699b168c265513,12.302364074943572
cc431fffd568a0d46d302233b4d71bd216fa94f3,-0.2647608309641507
cc818564efabc759f8cfd2e978029ff6125406cf,4.419446250393436
cc8edf9c827fef5ead4c85eabf96ca7033ddf165,3.579692791993917
ccc7600e812ec5b6e75a9b4e2b04f00a48d1a9dd,30.949611918434066
cd1c8085cc77aaebd3c527b4ecae7e9150ce0d77,3.9480946010666367
cd2b912e4a3d661cd4f500287d3bf1b4f444b7bd,0.8923595554440498
cd2cc30c2a3c6b967fc897beaeae9d3482163a21,9.085962744422748
cd32daa7c1ff3ed117a127c9c185c1b53a396138,20.30189817973124
cd6862158d54e5c270e8d4bed99f73f32a721e14,17.099993952473007
cdea6ad7a63edbcba925717a8c64328c255a0450,1.9280179451268098
cdfb7ea46096b2a49dd710ef5dfe7bb354cda15a,5.264714890541873
ce201bf315598feafcad345a663284bc266862c0,13.156427617182844
ce2f2072bf32af4582a24726936af34f88225213,7.17758214590053
ce3ad9b28ad26a494e6a196c110ca405402f3e9b,3.606674739836678
ce56b4a23981e6c9f70e87f087bc1be07fdf25cd,23.62569655395865
ce5a9a38579b80879f4de53eaab2d0083b685d62,5.301193105964098
ce892387ba13c6b526d18de003b62c1bfe4c125f,10.853997342345462
cee203ff00aaca3eaaef780ea6c4a68a3f8fd2fa,10.990012396780521
cee41e969faac5fdd054a726b10fb09228eb7061,14.612612584068328
cf4bc843e5bd6ba302b1289af66f383b0329d6bf,-5.053603391373869
cf5422ab2f6793f4d5930d2901e652ed7dadac9d,4.843318512943967
cf6788dceae33f7826997b7fa99b5189cff1aa4d,7.528692772225286
cf84076c807f395016eaee41297162276781b963,10.460674641726184
cf8a26a2ce3ac2cfd81a1050e73bdc7a4cd225e0,-6.243447101667096
cfe62afe7795494a49cfaa46bdf17c38a3c0d284,8.34612768359126
cfe97f961ec4d2fc578ef0aaf87f52c54a9aa181,6.588794312922249
cff1765d7a97d3f012a354586ccfd49fdaf6aa44,3.899273127716568
d023d3790457d12ac59581326aff1a396b206d09,10.96396010201071
d0561a58b05777ad43db1e0627d8770d37c48d5e,10.777893920138176
d06025e3b7e91bb8718335f7328466206060faee,-7.09520200156636
d08b1608a634fda68fd097f278ce9fd4ac24046a,8.818389989582133
d0d3472fa981f90d8e6d036dea4bb627c73b6592,3.10507598741037
d0f28e44db91cce7caff1db428643300dfb3392f,4.215063742736989
d11774bd10cd517b1cde216ca391e76efaf59b44,-9.658490907317114
d11e42daac68288eea95d8923771a326e667b520,7.490178000626142
d13ea487552242f9c688d613dab06ea5b8a867a1,13.544068910564603
d1e238d8cc58ceae3359c94b2a4a976a975fc9ac,1.0800664155923414
d20b8e96e5c520827768fe614961d0534c6f2680,10.42988464887593
d2491eb9351f861cdcd439fd5d73883a6d681d6a,13.590398541470773
d28c344507f89c41df926794e0d5a96d10349014,9.952537253456658
d2a2d2ee79d993c9821f176d9a248223ee59b3c7,9.91980957238702
d2ef78c03149ddfd267005d0dcd248adcc227e02,-16.268233926075524
d37f552ad5c3e1e1c3fc9aebbea6cf50e1b9f334,24.8514305028509
d3de05492e2353a5f3a80b5ea37a6de4651923fe,-5.975980673237272
d4707fc4aa22e29062e02639a1b8c9f7ba3e6b65,-2.263254238380994
d4a08e7df54afbd81401faf2e0349e88ed7fc2d9,15.0805834991866
d4a5c57c98a9d8e16b1dd93042d22cc422772b0d,-18.785987517647722
d4ca57e34b4e28a3a0c73339e0c72db036894d3a,-2.7254778523200374
d5155526fe2b5c2b956687b34d478647ef6bd092,12.113383959053035
d5179819718a325ee33fa2096f37995ea6cfea8c,18.09030015270591
d525d6edf4b0c6362ddaa4814c3930a6a62bdc99,9.530626975415057
d57eca033aa6388430166086ed3d0390ffefa85d,10.35017317781357
d5841f944022e9ef49bf6ac9b5546dd82ab2784f,14.761783386784606
d5cc23d9ca216f0f8c6e5ada7c4e3284a3920958,-12.439647416589214
d5e3e0d1ec5eae8e2fc08b9c3607cc766be6dffe,1.4919622251325464
d615e34b407b1816d1ae062d56a466c1d17b68ae,21.546827728800732
d6515d627895751c832a3075053719da2f5e6cef,-9.717787375637332
d66918b05a4d978f6aa15979c85902d09babc898,6.497558218020924
d66c55f4502b462e88d4529dd6b4d167fd42d165,-1.3893554878311178
d68718e7e9140ca136bf5e39efd7c122632ebba2,-11.011918810656258
d69d2c6bc916b8d054bd50f4270a1c6d8cca1426,11.307115644971947
d6f54f87ad964bd1cea20ffceea962f8b6236da3,2.757213843083855
d73a15bdcce722312152f547cec67e8dd584a6a8,0.2340191661297153
d7a319cabc8e30b748e2beca44fc575fc83197d3,3.5671284673123753
d7af1840c8914a381ffae4617c33ab76833d9513,5.49543130284747
d84468682013517fdcb3506ee81783dcbdf3bad4,7.745397535282933
d8550edf3efaf335a9648aec7584ab6acb55cf30,13.594416616840224
d8ad4586476ab6240c0ec83f3c12cd4cc7a8f622,0.7372262747895055
d8cb6954aff8cc17b05a205c949f36b46493eb8b,-5.268559060717825
d8cc02c7b6d2478b9f6d47664272c43801d6d9a9,0.6497281911137041
d92840812393583b0f053de80ecee59f5b19bc03,3.160320978867328
d94808bbe3e5b3ffc39c8d68e0eed70929c70762,4.45753342547194
d982afe8253215b9a75464a85bb061d5d5f7975a,-9.900281061482907
da37e77368c2bd5a7a9792749fd6ed83e05e2515,-8.992576992059798
da7fa747f59ca321b48b414b2f884d027bc961f8,4.20604908443697
dace1e5b88ac51d7bd53523ad70f8d5d188b9368,10.006879258141565
dade8cdd2806e1efa138e68d984abd0ab1c87ced,15.421037487459778
dafd07b7aab7dad9894cee44cad55efc89255614,0.9030624142052792
db4c010c135d84c00fee816a085360bca2537594,-1.4928129613924455
db5924e7ed00c9136308999827d50dbcecae5091,6.415419673316549
db7c4fbff4eaf7b21678b8b053a0c3dcd74dd2b1,1.6983266411873714
dbb0e3f3c32292438fbd39684d9f1ad153bba64a,-1.0904481457391837
dbc27d6c8a04413d73a885a7b2c2d8db605504fe,-16.388053128550073
dc5325f05ad384cacb2431acfa1f398913151afb,-2.629414114567064
dc87f8c4ae8953d2d0bcaf1a08239547d77cdee8,3.8509665138674336
dcf7777f614c11ed45f8ff82f2c44d7dd15889af,4.633783269344605
dd98462b95687767f50edcdc4758ff5237c0bcff,-4.0061885299213
ddc549a4ced606b9181bc2e6e0bb75824fc20f70,-3.9620547210210013
ddffb03cf0301334f5a2f89626640fa8812bde5c,10.665581283095435
de163edff457321dc540b375c7b316c7f9fe73cf,5.579868544609805
dea33f83f3cd94f54f1063a0cd22eab07ec8d3cd,-9.906268189422258
defaf0c38d68f9958bd180e1a709f130a999b2e6,14.926497699491259
df15664e980175f8ee9ea6687b81c59f3139406f,-13.180002770257733
df17da01944f34b2a6b59e8d45407c1297f9834a,-3.759951100156293
df1a661311bcb75b3b3c258c46ab75819bd6d249,3.50019765728356
df42fc345b50f42b32dc5f9df420978b1cda663d,-0.09239957776537366
df8fb59599b421d91967aa7d053fa72e91e4f6fb,-5.769790456020555
df90d9da415c30c25a16e21ca85638577961e81b,8.70237977796276
df9e2c6cfb6035fa5b26af3b101bacf64e95e913,11.655968184823642
dfc34f90e58f60b101c824e10d74b8ad0c46a2cf,2.5841201402123732
dfdeea1cf0b4fb6c906a25d99aa5756efe14c996,-5.834345323609423
e036815d3a8d88224e7e8a95c64ca031dd5b205f,-10.215074817530057
e04a53abed6db648ac01e162aad84ef8b608365b,14.36059673596303
e07c3edba3602b0d172c2db763539dfa9819027c,9.30759931558195
e0850b1bd8f8de58096da128ec94efbdf5f05ca8,11.113086699798242
e105dc9d8869af3a83704a5d048424441ce4ad01,-20.268271722611075
e13e39c815ec66160db3c75b7331dc1a0dd1d4ce,0.9047449764697175
e15002a49ed03188f18c7a791c458c19d1ec973a,-0.8224136614050126
e1d3226bcfad8043e69d31f3d76e719c7f041d3e,2.8338262028209824
e20abeea371227f8a6318491ca3c0211afbdc1a1,21.152684128983584
e25991f3bf474e9b542b09aef2407a78f3ffc61d,-19.08513975529495
e2670654203c6b5aa850edf95ea9e293939963fd,10.466841884431112
e299749491b5a979701f0dedd4467ed53aaf7c7c,17.45702970384214
e2d88e3ad6275b7eca2bff120e467f9158b29fc5,3.39120855043791
e2ed5ffddf1e60198f9f138810f84b7107ca0561,9.351418340153145
e3919de46ecd1f707451dad4a1ac88e5b7403f11,17.14955946183999
e3b9460f9a4bd3f4a5243f388246084f41e0dab2,3.025747705142652
e3c9abe5680cb3851ac38d00a01c46f58b6aaaeb,-0.5718891001291277
e40337a34c269120bffcc76e69700d06f6d716ce,18.693660214283984
e45204eccdaf94faa580c54b1fe1289c97b1f56c,-6.432240289844703
e460fd665c3f541f48ac4503abf2e90b9bbb3b94,11.726416382222478
e4935a868e50ec1951f892af50e2f5886c935919,39.75608457709065
e58eaf39ea458008043bd1472f267706524f1fc2,16.755343782740898
e594aa5283c8b2076ece870504b4b6b2e9c29ca9,6.351861433037484
e621f4d6991a537e4508648aa4c3fc278091ec1d,-2.331432273172214
e63a9cdc387a31ea563ecc24b20eb824a8c54ebb,-6.502799395553044
e659bb37740950badc7fac606f227ba5f74fa866,24.70249614568589
e65a627881df5d3e0bfad77c56221d858da5ead0,-1.3299635837785804
e67fff49031a4f2699f10d6a2dd89b4cafc70323,-3.6703852334716984
e6900f649459ddbd9ee38b93582378162c8d77ac,10.310996965318715
e73e06dbdc983d0a3ccccdf754b85603dd0818e7,2.004033503892679
e7b94e593e93b6fe31083393cff1d63ca2142b64,-3.0840975177406342
e7cef9ca74dbf2dc906e3216004a1b5e6a96e241,-7.656094807257658
e7d0678e66dad824da63837b53bb0bb38a571f42,5.427502218424382
e816ed48800359bfd078c1444a40e00be6fbb5bf,-2.6760050357645984
e8335df6f0ac481c6ac16096889c51cb95ab2f6c,-7.9843541525414246
e85a79ca1bb1f59951efb5c25e40e0ee73985cdb,9.71981126468364
e85a95e2eddbdafe7db54351ce3680933e09d0a3,13.617197767358665
e873b044ecba72370076d7fe198eeaad94bef3a1,-13.746236036183348
e89a4f1825ece62064e95e63475769011258af36,8.519553089657327
e90cd427d5e229999107e56e3f06953f3108635a,11.659331418056208
e92f3d3e5a00b7767c239cac14b6d9fe92d5ef9b,3.1848458804324267
e95d7442ab6fb642a8c3529ef2fc8aa25a774e13,5.370053328462798
e99d4fb3ef87d5e201da3b08841541fd953af089,2.6153965945786495
e9a8e1a87eb55c0dc1787fcaed22be98d9cc1ed0,6.491248419818801
ea0a8f0b0b712337c3740e6ad5293f3dc47db568,3.195775142423293
ea2f8736bbf1d859fb5b46f848db37f421181bd4,5.415734285702091
ea385e57f5d3d6841a6997dd7af680e135928bca,10.221921739492734
ea55b410ce0e38664c6597e4bfa09fce84399461,-9.326747375154358
ea7332c6a62cada8a8e85200ddb71fed941ce876,5.9170987327277365
ea79d40b446a3660b4d0b01e53fc4a14bc18f60e,-14.356511027928402
ea8f19a7914d05412dc4159108d93d42a675e2e8,3.9944612998256908
eaad1484ffa24b01432fa3564a8635bda0b4c34c,15.035002736606199
eadbb37222d32232022838b7765dea96bf38e0f6,-10.04397690427905
eaf60b6a377c720fa7a13f97831f38531047a217,-0.5533299419983413
eaffaa19471bbf9bba8fa5808dd0904474089ae7,-0.9336785806924262
eb001120a0f842e5bbfd786652695628bd65090c,14.12678160955244
eb2a090421ba380ba6c0a8119510e031bc4e55ea,6.982574517588328
eb451c65ea210bed6af798282c2c6205c79f71fd,5.517869408686757
eb46bad8df84ccc42fb7bc9cc3a218247777367e,-0.2669121977205995
eb7470e41cb0d50314e9755be518f55b093a4975,1.602075166269885
eb83b2280e41f55da33ed81e62d7b8ebba9a93f8,-1.59053044227403
eb870373b64f0be961f503936f7a725fca60fb32,-3.5825590148120394
ebdfeac0c48444c5f4fd377145b2d97e12c78cac,37.4852066126362
ebe0702c8a0d906044fbc61cf18d3f8dc9aacef9,1.7683055301780009
ec62a3c21a4a116991338ac88863dff35157a1a7,10.706868485953734
ec7d2ce8cce8253208e8d0ae74991b46ce2eadf0,10.226350040391715
ecd66b9bbdcc6ae1eb9a6b765868cba3601730b6,7.14241647410079
ece9b75bda9d53b5a67f7bb53b5635a3df017020,9.783267213441302
ed3e0c98995edeee0b0a55fe15929a82097e93fe,-6.807866369883161
ed6c052a16794cf2376b1497c505b438e9af69b6,-2.9465531893368935
ed8ffb58d172827f17d1abead83d9b8c44b554df,-16.313899746899793
ed9eaeb6a707f50154024b24d7efcb874a9795dd,7.194600157489608
eda32ee9ebe79ae7f85927db19cadc6199752dfd,-8.10688423255827
edc5737211dd036ad81985e117aea3ab9cbc030a,7.400745812938524
edc641c842df448a70ce315e00b6dd4461a260a9,0.08919868948535115
edcb11b4746d7b8056929a37a11e81b0fe3202c9,1.1695683516330155
edd78ffaa7bc16d94ee6908b98b3d9863f492c89,10.43729779405612
ededd47b1e0c18d4af4ad2b0cc21eebcb7c6e6b9,6.60382702411746
ee30201b0b1261fcb6cf010787990ec87343d300,10.207670287396514
eee2c3c453eb64f9c327f09e83be35ef36528101,-7.9281716621757745
ef02ce9a2a904477907fe9135cdcbf1652180d31,-10.200253616687553
ef070fa973803bec505aeb6230acdd7a917e2a59,-2.620777050900089
ef5d4cc5cd7a9d46f3e31572d97bd52423bae4e0,2.531652613222415
efcf2fbf26e74d0af378d96a168c8cdc05c42a84,10.608883652707242
f01795183fd859bc35b074c06fd58b5e6623fb03,-4.367452267626652
f01bb96987327c1dfec6ddbc980cfd85650f20d6,-6.273923111812707
f037357014544261767c6ab5b172b246b09d3ddb,3.6515869886647443
f05838da14ca1dad97a5cc0c58323c6df9153257,9.988331913320046
f0be3049c99eb84be5aae5352c2f0ccf661e1f43,8.003636046963253
f0cbea39c26f2cf588e04885ddc1a439564bd782,-2.93454911551202
f0d74f349e6479eaecf425634f8b0dd51e60d60c,-0.5453246142748931
f126cb73dbad037e40b322f82b6f40e92a15a595,-4.070634921114319
f1299639d65fd743440958354f22154e171500d0,-7.6825630780752245
f1302a0b13ef669e0d797c1d4106355cc43f7144,-0.7737037719439455
f156718d3970030deec27298f56fc78a00c00f5a,6.942131368561865
f18c98fe93f825e2c01296bad47dc072ff70eef1,1.7011344370894181
f1fb0a22c3c46fe87eaf8bdd97d80ed51436f782,7.623407832727007
f2418c1ba0f63cb975e6d8c26ce4a145b11ad924,23.220673043359056
f2c6f4d1250f2570b4dc5edfa7d0952ec4b7194f,3.1321733685332753
f2d54f193cc71d429fd5803b2e4721d012afe568,12.43322492267334
f2efe01b5b7d2613529468857009a02a3cc820b6,9.429421204022272
f35248e9e95942a05313dda4f3a677705d8c651b,14.90035307676069
f38238ea1bfa182b81a7d73d563b61dbf2825754,7.611813992686875
f382c8f54d9fc494b6d8cc0751f694f0acbddca2,-5.252459385425611
f3a603f5ad05ee8b8374af6523467f1ee058959e,-8.3433452637982
f3a7769633f8060ffee4a0295c55ec9be084e3c0,3.634333181967524
f3d6d22e76fc586bffc4f5ac1d73f096f03efa0f,3.6145230789663736
f408354e704d901dac2f283fc8242d2787ee4813,6.048885384348486
f42621bb38f167d2de3d662cbe897f5fd1234aa3,-7.675902919197759
f4367a0ab2083a66a5fa812df89e590d3fd3b5a8,3.353244110710815
f440f5463ae218aef17a60e9f2ffc7dbbc45dc54,7.31422338837683
f459440c7a99294ca9763f332cd9aa09b0c280d6,3.65191037461062
f492b1eb37bae60ab4597c161e7b67d9cc9e4dc6,1.8211608910559591
f4984561cc406867aa796356b6bf10a2091e67fe,16.672457586616932
f4a045088bd0003226023c10214248049d9da90f,1.4462569365523552
f4c3f24024c2e96ed13a845b5ad7213143844d9f,17.94982851835878
f4d9301713b16c13c174f19e18d0200175494a79,-7.446819960295002
f5674c61e82766371ddd913c99e6b70414f4dd55,16.446649936813092
f59fe9b15a7762aa5ffb0653396da3f4f2536553,4.831153642360159
f5a2b63a98287f49a07f6101717dd4c1048b9903,15.426538559770387
f5ede5df58c2ea59be6b8c8097659bb8c2e9d0e9,18.440295555317377
f639cf4aa4008b2bf51b274cc01dede03666150e,34.85025756420059
f679eb92d1581b842e213a6d2a8a74a0b9ede984,20.795475494808812
f6c974c003c063735fb1afcba0aec50acdb89861,-0.5925969649431035
f6f5b15522aa9457158ec6d7a16caaacd6cbee42,4.808908308337481
f77371745c51f549f9a641110e52f255aaed0f10,1.2796861167705904
f78599d53dcb621a631b8dbc0feb5dd63e2aedd3,0.014745792742279384
f7875ec1207504a229cd9b5ca132437c6bdd6a4d,6.520795048364316
f7b65fa8dfbc07f71d9e206d1e1fd35b986cab65,0.336119905604086
f7ce1b89f61b8a40a961d7fee02ea31d4b27583a,16.92730506346317
f7d331120e9b3a15cf4a0028849bf050846d5d6a,7.861332018533431
f7e7c21b753521a3f4eb226d9c69d71214e183bd,6.66209117905151
f8526194e3d9450a847706ea1c474c9e1a65a3a4,13.325320547956977
f861873a2af44519d0c30b7b390257e28084c360,12.94885618828987
f86b9fba1d59be7c864d4f23d0c7674113a27cab,11.971369464980388
f8da0aad0792d4f2d30881abdbfd4029dc264842,15.139140920674647
f90fb4df43d85aad3ae9602aea19fdb4f47de984,-5.048229455026112
f91758fe4f441cd4b7b053a03252b4c50f3d4737,2.410681023479003
f91b376092344f19705df8873d25aa4a34bafce6,-1.3122428651375557
f92e3ec921384713419dca56d1fe2be1d51f1b54,-5.815305726940025
f944b947ec651ccf64807b644af38c6f04229bb7,-3.893448593599688
f947938c0e7c1345a488d9f17a74331ca6f478dc,-7.340641673523974
f9491b0ab4aee90c428545e0e315a3af1f827595,7.6216696176567185
f94ac320b67f53eb86a68cf30fcced221092e7fa,-33.39124418049878
f97b1dbd007f20fea2e262e62433e01ae91da602,-17.233572907557427
f9e06c04dc036b01f65e7f71a9201922f201dade,-7.377770875020582
f9f4d4ef2a3de006bd037db9eb160ab8e51c79f2,-10.860303868101333
faab34a8374299678ccf4eaa3628cdba3b65bfa6,-2.3190293167260787
fab22b3c9fd685c26953a5ffe073c4aa2a788c7a,-1.249456707193219
fb0a2834f5f131005e12dc1962056623ee6a7188,9.452401090324397
fbf5d7997f35a05b4f296b7b70b08866c13db856,9.41778286222844
fc4d0cb084cf3b98bbe820a9fc36fd437940969e,-5.188247349935498
fc83d8b4ec86934a2daa128311afedeb0ca5fd50,1.1938550190758606
fcd6e54df612c033e7a465155046b5223ca4eee3,3.0137360560409574
fcdf51cf37b314ebc57038046b859b3172117f4f,0.8627458466261144
fd29d68d81bf469540c56ab7074ad748cd72203c,-14.611425017408216
fe31861a03511f91760de27adfb8803e8ad321b8,-4.315883919879356
fe4316169ee8c83567ebc52bc629912ff65f14b6,8.529475533358857
fe516d090eef192c93197ed87878da0e23908140,1.2095351872567095
fe659e147194c97b69278c8effb4041297398009,27.109671750747193
feb8a2859a011c59efd22ed419cb69288fe03627,12.881458497951158
fef4a3263ed9a8ab14d457694bb8fd86ccd98312,-0.04928401326767773
ff12d6e2ab80696ed8e22fbe5497e96c68d29076,-5.358016341442033
ff3fa2ec64294f37ae968159f810ebeda7966c51,5.267875081189991
ffe872165621d735a48bb5db0c71dd5195cba359,-4.492681999601256
