0134f9f410c65ad0e8c2254a7e9288670e02a183,2.2814493914116194
035f97702f2c01d26ab1fae8f39ea2f98a0caa3c,-1.4417049683913876
06024da8147b5cf6105beb4c403f67cf1ff0aea1,17.943508954934163
0aaebc88f6106684d6993c156104c1ef36cf94e0,-4.209974139365819
0bf111a9caedf02804f6991792490e63bc21058a,5.467970733235935
0d815307d5307124d148bbebfb41497230c4bd15,10.862338017819521
0eb93817d6eb3d5bd3e44dbc75971eea193b924f,36.72059093525573
12887fd9a4df4ba9b88a71f3fb1d2502a75995dd,4.89762645822083
137ffd846ed245676a14f1d5e8676a4ef646182b,-7.024524040194023
138c5848f009c004f0b8e2379316d5ec18332ff8,-15.58227539803185
209d7c77e7a150b6990a3372f7cb24da0c0e7e07,22.84878682634367
2383a9a33025aa8759fee9a890f6420df0fc8b47,-2.6143552478878993
248ff20c10b7d18c30fc84ce214936f5bb440e6e,9.874827757889985
2855b4b4d03c37c94117e615a25e0e321ec8d77a,17.715466132407443
2fa311a94bc0da6d97955730d071ad6fcc770bfd,4.32525158350101
326a025b5c23347b9eb2c5ceae75a5908a461f69,3.931416420251879
339fff79c43561c995b29972a962ccec846c599f,10.50756558164272
36dbfe4759f861ee72011812df2178cbbfd736a1,5.408366376356595
39713cf2db02601e4bd6360ba70f8013c0433f48,14.393177164690101
3d4f612148056feeb651f4711c1f640f5015101a,-18.658003635426713
410357eb9129023509cfaf8d38be61c050bb3b05,-5.073995669984256
4dcdd4c95ba88786172619ebea8aad4ec757a150,-1.734771002676717
4df58b4a53afe49f40e1c054f9a2e8553352e254,11.420718342271726
4f571f241bb2d884216b4712cdcd482e310a718a,1.471557981547829
508e0627871ed482bd8ab34544e43e5d856a889c,0.26269331592295453
50f17ae2d9048b293cc969aa8668b365f9773f1b,-2.0910672264752934
5235e36e00b0e927e6ce9f6f771ef92915857989,0.3265257466120617
529d7e5b25e40c18bb7ea49be0963ed7f3e288ea,3.5256909075916454
541270fc6468b9399001ee5a8bfa0cd380e1db60,18.331654371623546
549b4b9f5408631f8a062a6a3b71c496646ee0fb,-6.182555014882918
55ef1cb9ba9a618396f8f82aefdc261d00864381,-0.21755231201159164
5b023883ac089df249ef06f7c8c4398f37e1c55d,-12.525445054409488
5c67cd01bb445f9b80d30f2c551d0d42776898fe,0.09006697198728819
61c0c30e1af44a3ad57880bfab7a88591a434b92,-7.272278879908357
6434afe6261c6f3f4fdbad511a2db8ef090f8c07,10.578784248370418
67212308d026508fd5b6942ffbbdd7b0be2e89de,-11.135216835850496
67f697ac574661dca982dcd95ba358bde5b48a8e,-8.818382968432317
72a34636b5a1de1c3796e43d5abc564b4d0803e7,2.951758826266509
737dd3b5a70f36e8bb79f4c5cf86c7ccfb1e7d55,2.3419735993249606
73c38d8466f153b974c09c066d1469f63b856d07,-1.2075237670195782
73ec1e02101d9e26fb75fe8580eec218d09ba78b,-9.000627319402803
7494b38c6d82b590c4afa6cc975f583f51395177,-2.0481667845348444
75ef6c3aff156ef52aa846c2fc3b26271e50e335,-4.4211343136711
797c7c555f32a47816ca7f0c017002a2131c132a,-6.929757478375277
798e6393c36bd3b6dc0a9f97de7d4c87a6e5b252,-12.008739197418503
79fb09750bdb85310622bf240e1060ef8de8bce1,1.7901522990115646
84a17972cc6d29489bbe205a9e7feb8745726fbc,10.065455747518959
84b6b2d70924066c8345f2bc2281791ae3188da2,7.827177607536328
851d9a4b9b8e236f2d62282ddf06fae57b7d9492,-7.498019885223164
8531dba6dd1818a4e3f3ba5e355e1e5ea9276afe,3.613369200452315
8554d1155712da4bc72ec5921db3227311265359,-1.5945538829836585
8576d2d269326a29503a1763996227723fa531a7,10.41540063584823
85838695003ef753ce13327655b84defa54d6eae,-3.957971214798496
859c3b6fce7256abf5acfef957e6c04134c01e4b,8.227426023876433
85bebedd9d4605ff6823f6f25c761e64a588bf22,3.00336064600433
85bf028205803eb9b1e5494c540ddd2938606606,-1.5609346160452788
861075bc29124627aacce66a29c6dd835abcf3be,-6.345584834587684
8674a295a4ae610ccd77b60cbaa692db6a875761,-3.993410004020312
86a7e49131f2acbd350c4b0b9a2243838bd4e122,11.519718135233234
86adc493a1cc74328222a194a1d1e3adf098b5c8,17.59025135258778
86d9a98ab0225d2c2faf6d51fe3b9fad194c3ce3,10.97069290270736
87322721181928972ce2b67242f61ff23275f3dd,3.724365358735268
875e48fd13e52a01a4d48d745d72128f25b9ec81,5.033701857552849
87752697bce404c9b410be71a45e76f3c7fc9392,1.9528906358307707
87b3a5eca0c70c7828168756cd7813cc8b3285bd,6.384449242429684
87ce4212940578f8ab9aaab4616b104ab515d4e9,-9.169555480956184
87e4a8d6efab19e147f510e9b5d10c0d0ff5845e,11.24939391844315
88003ba023714648c4312658ad9a4b3703e56de0,-4.241828471987148
88188301e8d3565c7f1e2cee1f9ab8794676216a,-3.4213525790964594
8819c6723e6d42ad569274ebe2ce4212fd8621c4,8.519534013040907
884afc60bb87e1f0d85311221487273fc5d13d13,-2.124525087111172
8866a6da23ad8a2abfb243905e0b5e2c98e366bc,-2.637119756807296
88a694a270a460f5a09e1e8c569b036d03b9b5ea,9.698135618056863
892240639d1170ec0f4bb6248ba3e9bd390ed089,-3.2958283570359406
89521736c16fbbd86315c3f3c555132aee8896ae,4.9145991673655525
8960e95f79cd20b46b7e8fd09d0aa88015566a9a,5.703537951768495
8968e2c95fd09b05d48b4b094529d54d06bf6da5,1.9348605300467279
899bf68f741b96e69c8b1d6bf22fd86e00b7c00f,6.09459719669818
89b7eb7ce1dccd4f6a7eb59017ac455cf1e57766,-0.14496702223163105
89cc639060f3d63cf21d893882e544497e32aeea,-0.17988068785587563
89cd14d1bb26c559102e9080a85ffa977cde7fda,12.329485783652071
89d4e10b3c250c027e108d10ebc00bda239e7e39,9.085283850086133
89fe8b96c04597a0fb63dca3a86e5f36e7580940,-3.170163965374649
8a97d52d61d704e77f82fd7f1161d98054f48f25,-0.9366623777675236
8ab396fa5981adcdc777254c57ea744f1fd4cd2c,78.68300767640152
8aea6c59a11267f4143312770b4c84a2be56f353,1.0008246243600403
8b158f3040b574b6d08148e24946fba8bbdc29ca,-12.249787626464595
8b2735093e532de21b7aabee43b9c76278bdd5cb,2.854479644983256
8b3f8cb80815c489e6278cfc1a371b3bee3f6e1e,2.235154040706604
8b43c7696dc13421431102cb4385363ee33513e0,14.546340365123331
8b557374000feae5ac9aee7b4078bfea53176ffc,-11.64575693037007
8b65dcf807a9de0c95c0896919da04523176fab8,9.641783356711954
8beffc1494bb81af08c352aea875a183e45bd824,4.018338302212623
8bf27a767fce0a5fb359059183d06e01d62dca8c,-9.376762124013474
8c5d6de5fca9e769de9676c911d9e082ec1a9fb4,4.798207982608682
8c6976c873d2ab3f4af9188a4189c46a032a53d5,-5.694121112406044
8cf96ad1e77c722694ef03a06a781d61d632f2c0,0.6431289180035751
8d0a196c1c472a4601384f4235f293c4a341b3a9,9.010175405541089
8d14518288c33c098206996aab23c31b3eefc864,-13.919401529716072
8d65a433657534866907ca34885953c36951db06,-2.7027684239042173
8d811d7887c2c868b631a2bd296412bde2b49bae,-6.331199559135455
8d9b19c2ff7d630d2d48932f3c1d35aaa97ad51f,-1.3818318481479466
8dada7632816cb20f182c306ae74184ea9e056fb,4.061846869276018
8e20affd5aca29391f582b7dd756c83205297c11,1.1466603512859352
8e3a076971fce919b1a5a0bc62dcef86264a1c24,0.9267591132309532
8e5fc3c13f17c0502fe3f0a8404b461b46183f8a,9.931740006515572
8ee77ba42fdd6aff7a9eaa84d70064c4cb39cdc2,10.946159090330141
8ee958ba68793684a9962e1b60847d7b73d7c9d1,-2.719626369712352
8ef999ab1a83c2760064ac6c7a4b6c4115c5a186,-3.705327469082156
8ef9f17bb904f437ec0a9849d820ed0f86843517,-0.1549516309040957
8f19ffb508b23f955b93ebd99153f8ec99025785,9.943144719104033
8f7402db46b9b2a95aaa8282be9e471a3ee659ba,10.926319316275954
8fa7abd9421e396273c3571b177340434fc132f6,2.455987529960005
8fdb7157f90753735edf97fcc828b75e6a8042d6,-8.020163808573997
9038ddd6c0d498cb8c65b4510e99e8527eabd40c,-9.885558394335568
9081ee605de7c5e739569f3f829cba953cb918f4,13.420569022544992
908365770c09838aa1bc1874bf3915779910e775,8.160139920387664
908ccf9bf5e0e7ab597a09fa19d91b1a5563b43b,7.987507337563694
909386947a62f62c8b94ddde0b623b87c01e2524,-5.48666013593494
90d54808ce52c41418550421c387818cae759dec,14.249607875957448
911315669fafba0a06cdbf08da7cff7e81f49759,7.044722853569293
911daa5a6058823b007274f35ba038da7ec89a11,1.9206950510776373
911f5eafac3def56e71836d495b740cd059edbcf,1.611128897377846
913eb5b320c3f4b475e8064303960997b0dd7a9f,-13.01487101962407
9167062812b68b140da9de7f824ec6131ef31a01,11.011380810756737
917f1aba835e5d7e79fc124c1d7a3c8c2588cf8b,0.6458551137880264
91ccfc470d803af51ecbb91da39db5592e3a3324,3.7149016161693886
91eb4058d0937eb5499d0f6b2a8dbae6f47eddf9,17.432038128206912
91f7019ee1831ead0e667cf264dfe7be6b743f3f,8.171215877083277
920523a6f06947927c3d1b9c2c902fae6eb740a1,1.726701649650278
921b990c548efb5620585b0fe3049ed43dfda903,-0.11564500972249991
92213400df98f5441533511526206328cdde4159,3.106605803153088
927008a1eb1983b52fe269b504f398ca185603c3,-1.3329250542497437
9272bf390ef4a8e31a5285c14ec721495414c53a,-1.7871571379868447
92828f67b16f5e96ddb0d436aaa6f1193104c037,1.4660815380611798
92a1cd997867a6115b3d079903e63aba8dd214cf,6.820226218751815
92cea32d04d98c66af1c1366fe9811047a9b1cea,-3.670797261369631
92de4c1319bb3b07781b63801e4599302764dc5f,17.433197914496702
92e2b243f8ca7bf1ce773bedf8205980f034ff05,-2.1345488849045458
92f51b59f25a16e76b18441fbe797a2fa2a5d3b5,-0.6900882204820236
934776ec5bd2147907362602555bd692fc56aab9,1.8926780971188872
93635a4013ec683f217cad90ca4e41aa557c3922,6.597583192049175
93bda77bd8d32e4fa1a0549b76f807fbc22f1f7f,11.553378807380334
943f8910b7d79d76726a7c50a996a39a00fb033b,-11.071118604395394
945546f9d4db4b9599e57ffd4271193406f0d96b,-6.507271263403614
947a2e7cf57ae1a546f98831d861cd87c4fd5ff5,3.7425275023815336
948fbf59cd52083820e8e1682a5bc2a34793997a,0.7248464768454748
94ec21d59f07c2091e0359a0085fa6c569ed30c4,-2.2646914668898193
950671c7855e25bf4a8330768cabc430bee030c9,-3.7079171090814933
951b5bb9ecd6593cecd2bd72fdf62a0785bd3b3b,-3.561058981106016
952c0daa0b72620df1288d516f0a2abeb5b3986d,-10.790960626072465
952e48fc51ee7afbd972a8305c2f22a80ce9ce92,13.219595529567183
95c2c72faa0bcedf9452be96511b7ab488754e77,-12.255120530936736
96013c7ce1186c9a18f5127959bb867243b1b9f2,0.7908553976135806
962de82430c78164a7c1cceffdfe31dd0f3c3cd3,-9.320993053094902
96d8f7656a57c4a757129d95863a463358a0c3ca,14.476523451044006
96ded661b95e3d4d3cf1c8d45aeae3b335224583,9.624053418056777
970dc7689a54be2108e10cf65af78d85288b64e9,7.292412116889722
97469bc8eac2e4fd57266fa9821a50561a4d8473,23.19588689821008
97983f3249349cfcb409b75d5f53e5cbab2bfa5a,9.248133282489746
979ddec134899a31461a05d820b9d6cad713715b,17.218311605107974
980a5ef7011a98b8fa55e5ac3d7ebce6f7784286,-3.487035227695049
980f92c1ca3d1d662e790e884a1bafb6785dfe45,-3.195763922122869
9843de5b71377fd3392db81e3178e11bbe90d95c,12.708943945753578
9871e11a3a4574e6b565733fe3e565f13d670744,9.426830654904911
987888aba1d68d84a51fcfef4131d649024e0aec,53.70711758642775
98903e3bc03971360097ad809526370f701ef5f7,-2.329021285922634
98cafa82b3e7f1a3a179c62509778cf9290ca87c,3.5818498912587686
9906fd2917a481b373848f6d084228f34ace63a4,15.497603010751206
99103791231143dd15aa77f2aeb87b2cd4a1c22e,0.5970264453888141
9938999e257ea21c657f6c63ff386937544987aa,8.6902905780582
994f5b5cdc8a126efbb290700caf797948ac1841,14.992763656993077
99751d158308f801241e028eb7c6b0363fc6ec88,2.5874401279158254
9981528e7324f2d92c27f163b5d0424a07f94b67,0.178202245448424
99935e2b7f9f41bd823ece5418896aaf72e223fc,5.897410752715903
999704c760821f39257d453f58ae57cdc5db7cee,4.894601318580076
9a20834c7ddbbf82eff849ff8e4f321b856970de,-1.4828729189426353
9a31bbe1021725b074357ae4668bed6eb7e46bc1,-6.4543010494164195
9a5d7462df7a85794cd0d7d2c510ebf725d2e13d,27.750527253334194
9a6d7a470aab3fb51ab58261637c58c239ad804f,0.7032385441617153
9a7c94325cf12595e72895187822c354cd8ef458,6.695775252549433
9a8ad4a46036cc65da3ce25da0a1b9e70f979655,-10.929928650363276
9aace874af47927645c48f21ffeb82f8e15f24e1,2.3460524445022406
9b0622ca034d946055f8590f554fde632487742f,6.426127527974676
9b4fd6bc9be128b294d3a8590bb6a146bc503902,3.1951390255764083
9b536900fbffe20f4db747af055dec68b3ddb6ab,-0.7794893009454396
9b6d776d82bca421eb10bc4a1f5f866af7fc2a3d,3.0569908475234815
9b788cef19b68860b4cba1f072cfc4744e6610b7,-1.790819185692829
9b9216e586500b4d619e331890d3745eea1176b0,4.476600696516789
9bbf52d74e4300842b27973d5e1d65a74c54c1b9,2.135591660100222
9bc8e6286b7a331de79c4c4e868b806c0b3bb12a,2.170026431938191
9c03af1da21c500de8e0a1be24e3c22d341961ca,16.747116786398447
9c4e901d499220d23e819ffe0156ef62c7bcfdbc,6.2161911231923
9c59b505cc82ae66d54df9629666137c9527e56d,5.764104679680627
9c8c8ca8e36d83954ecf380f84b01759c8363df6,10.929170853703095
9cb2a2853cd6c58a9b7d07a87ef3138c3cf723b8,-1.9827966940772042
9cf17df2214b19cf4cd63df22b802afde8cb98eb,15.405006284824584
9cf5d1c0d7ddfd6b78c222e83894ca3a75ee47f2,-10.313208177664066
9d053bdf589efd451ff25e1977e438b11122e0fa,7.002006410383965
9d12b920015fc145b62c73ca689e71a362e33b35,-0.4878645400378643
9d46769291771df99e8061cc9c5d79aacb087210,-7.755924908381302
9d549d02a71100ae95cf02deb371138097549edc,5.235180915201054
9d69c1d50467997289ee1396002cd197883a2b74,-7.473113999046212
9d789185f1d5fb7bd42acd9d6dc1f5380fef1c4c,32.57681424268793
9d91374d67624389dacb4b429b8fa8c18442b29c,8.367665100690026
9db80a153d642e12571588fd68473c6e307195df,0.4052427488975492
9de51c3306c206bfeaf41f4aafc8526300a9f103,35.14644617342427
9deeecfc873e74ca5ef8b27fb6b22bf7a536ab86,3.011264627143518
9e0457ac0f2824c5e725d83bdeee91ed078343b4,1.4579407700062132
9e1f7de0fe95b78cc2236adb52b0420b382b40c3,-0.7063483360801341
9e4c480f54169dd91629ec30917139f2b16bf6b3,9.464536726511751
9ec1ac8c3d812703485bee8d58b2a81f4edc8754,-7.571726769915366
9ec591a707f8d7eaaa8b43b6faa23292511ffef3,7.353660542945763
9eef5b76500d606c0ace08b9cd3ee9403e9e9664,28.718727358541628
9f605b4802c811805adc38ae19035ded09a5e4b5,-17.35422094971236
9f8f3fbc1f6d3f36859a33054203c55d028c6e65,13.281212403130333
a05a86b21a7d5922fed8c50f36d307ed7a8cc70b,10.989132522054664
a05ee87ddc674ddf01518fe125eaeec0820ea53e,-1.6162523789327148
a07cb417ba30c0e4d8cc3831f093740ece8be01d,13.01738105104658
a0ec1fa9ef85571c363b1ff524a7bccd583b0ee2,6.832190916979478
a10c5f4ba04fc56032719cc84184c0ad5b5f8446,-1.5494818852108234
a11fcd52b2df310a3f3bf8e0561a2c587005e96d,1.4437158524950768
a130e19ad47a6849ba0261a7a81a8d9bb93f3a7a,4.904379267678056
a18783b2a14d61192a1b97ce3daca9e67cb8cd59,3.431619188050235
a1b60c404f7df8f6f2695982048cac298567b821,-9.515182613359197
a1d026f103e45011fefbfd9ddc32eedf16edd5f8,3.129884660751625
a211065a6e065d2421b924d4e9314f1026611aa2,-7.244120662696752
a22a58c5be8aa2c2700619e37f2b7a6e4efa7e6b,2.057530622357979
a244f431e70a9d4c780ac6914b564d98c04ac7ff,-2.9030110529681945
a24729ea6c4aab24a9d6dc73513113e8b8fcf35c,-3.139371518908886
a274dc9836c18bf295e9e81afecbdd72825ea79c,-0.12042009222530803
a30f91cf4dd6e15b62a675de5087a6db82d61f51,-1.5646853275634625
a3748712b8685edb49cf966b7e662e1647503013,-15.815627685436404
a3c251eb71ac7769282f383672f19d3cf66f1b04,-7.65965185612878
a40402ff4c87721e74766e6751bb458653b3e686,12.79528863451155
a4a81c655f21aac65297532528cba5a28e8f5ab1,-0.4139016475532893
a50e88cb6830931dd1271dfc49b3497d63bd436b,2.825979511653357
a52c67c0bc1c6ae7da7c6e4d38cc7ac5a869ed39,-1.7191575439106774
a576ed0ff4b19b2c864b2c489227a491ac670b84,-2.2257573013211323
a57d3a31b965e00aa208f4d499c0b3637f759838,7.639945957540315
a57e6a1dc883554789ef6049be9b51530a7aa207,7.3890314751588315
a593667aa30cd094ca66d70dbb5ee98fc64d38f0,17.975776867274366
a5aef107fcfe6b7323ead96aed8ef74a69efe042,1.4740427484381344
a5b034cb2c29d312a2e5475da6174e196cfc3c1b,-7.132900162749114
a5f22a73b7cb93619da1f3cbc56febec52b1c16e,15.63456915895338
a5fbdd306fbe3003283cf2cb7ae4c371c9693290,2.038908593209044
a60f543d315ec120d2f433cdccc19342c9c3be02,11.750188753302023
a62742a35ef9194f7da07e547fe13f99bb6257bd,21.999932280080046
a632e2659eb116c7514dd825ffaa8939365c71e2,1.3148737387845566
a65549b33ec5839c95aa1e9c2e50f74685ad7cc5,1.1326414810538759
a688299300a50fed79edb502fb02fc503a564308,5.869339191168976
a6bd1b3de6ceb8be610c33e3a0e4a89350700984,-1.5505066948451227
a6f3201e19df0a0fdf0a3d878d6a8d2e50eefc70,-10.264535467770227
a727c00002127704e5ae41a4a08948dc43b4aefc,0.8849736680835862
a7442b91887824d182c90cd82955b97a1404dc21,-3.4815717247205935
a74f9942a4bf89bc51a259bdd7f5427f1ccc82f8,-2.305874892878018
a75958bf7ddea02d2c0d5a300c83abfe240f3552,-8.510668560776118
a76e1891c401fc5f73f6942768488b1487533472,-1.7327069669540283
a7e953186fda9e7bf8368e2d00a19d024f7db5c8,6.068334894701865
a819175c8808635fda7c3854536f82d90a7b31cf,8.372533196054324
a832f98e370c27f9fbc8e0caec05700a96e89a4e,10.777726233175134
a90b8415afe8507a36e7be7511fd36f1045418b7,-9.043311801351706
a94238b07de77bffd5189487ac3d56b96db7e09a,9.782200834022321
a9947ca4f64f3122a22c7827ae089d48db8fd76d,-10.938367854868012
a99c3a5ba8f7e25ea61f79dd74cb89d6d8bf8a43,-3.272417446903341
a99ed97ee0e4d81fc9a8a5a5baaba5407a897b84,-0.9378957656564548
a9ccae25b9a8738fd3ce42dfb0fc5e92ca9b8d7f,8.998863253613795
a9da415ddd0567c5995957b2239621158a4521f1,-0.7039870098894454
aa01429991aa756b651364d54b7b28c2bfeb6c3c,-7.485867948349765
aa1696aba3e93761b292c97c68bb0e06bb2f537d,1.7654421441350654
aa2166a08738eb1a62d78686cce70fc5572d0607,6.71233709835571
aa2288779d4ddfe46b3dcab170577d4f5096ab15,23.310618373152337
aa2ad4e1f1035826e6351e1e801eb57c0b494267,1.1742976722206488
aa8508f6aa7e91da7efc770fc0e04c471463ffeb,-2.720554970031608
aa8e2b08e043c6d844c28cb004a224615af29e90,-3.0038332680386146
aa953585f60c1f5711c6d5159abbcaafcc89eb77,6.884176365889015
aafa3b985fc5f4f1f6dbe50b8edc01713225dd2d,3.006527067571379
ab2a1e43f425b67817553405c41c09a9bcb0e9c4,1.5949829106323867
ab4899d3252b533827ab7d15261b9edb38cf0a7a,5.026002820716061
ab4e0b5338de7292c155831c4bd68a740ae6d05f,27.379349313956237
ab7c842d24cac25a1a3852cce506ca92cb8ed428,-3.540512864746696
aba3f0810ff4abb82c285780965735f59dffc070,8.695283069930413
abae080e558fbbcf25131d47ef3dbea697548f14,-2.6226165796582324
abf736b0441172883ba772951733e73d557598ab,-1.0551757669804638
ac018ab3a6242492006b3ca1e0c508abd1761538,-0.6195516881554712
ac164aef8492a4d178d0704b602f0522512dd913,6.927477805881942
ac6104bfab84b79b7ff1f01c576e2b7442988f38,9.38916932783506
ac6522ed2e2b8a808bb80970ccffcb6572183349,0.07235276423290715
ac7569c6eb788ec3ca408850d164b68f73bb148b,0.3709542311356986
accf49bc7124b7fdffea9e75a869a597c4e8adce,-5.786964395857159
ad03c4fb44da8b106e362ef8c65fe2bf34a385d1,5.8164582938978935
ad3d8c094d5606a8005bb22a4cf910e497a03224,5.475702797082816
ad57f4feb3cdcdfbb77d4ccd074d9ca50227661d,1.3151669670974822
ad77e6368d86e38cbf14a33770ca16b204522863,-6.527785424570642
adc3882c435a390c34d34279b5528215928944df,5.812833380153201
adcfbf9c58d92335f9b971f6a9afd19d9feab214,7.783982807948838
add17ba1901ea9804a604aeed6ebe191d784785d,-8.831254528424449
add21f371c1ade0e82ccdacf7ce016dc151a6968,6.5826243284648776
add7a23a1b66010154da076a059216a13b90191a,-0.3869016685512032
addfbcc77f77c6c80cc3e55261cec181722e68cb,5.09224636509666
adf4cd4036fe7649e15bbc8379f224685017b379,-7.927500693210091
ae75c8309bea2f4a1b1624ce50d0994d5b4dc451,5.889876758798225
ae7e6756887c7c2d0e3d26bb83045d298dcb5ddd,3.349200899893859
ae84ba8c1585fe80b8d2cc991a9cc4af2921a2a2,5.640117714965901
aeae992591ef4a9423528eb6029301cbd29daff5,-6.058396384666925
aef76b2d6bbd67cf3aac958965862b263c50d4e6,2.4690402127505653
af124b723c6d0d777c60479978e8da661b34bc2a,0.11300140352626098
af12f06588c971f6425a28d61e4511bafff05bb7,8.095795477937788
af618fc07f8f8c9e1697d7e8ce5cea9dd4ddee00,6.665994462212728
af744dfd0234f2b89d667f962f13cff1b5d0c9e0,10.744680293602173
af8cb88c604c245257dfd33607bcb87cd357d3c9,-12.202599550842436
af99c21153a5cd9289febb0cc7d1f8cbee810621,1.8868275075900685
afc376cc4bc5460a941a5d21f91d19f159cdf490,-1.5103582679789147
b002ea316ac314e47c6aceffd6583bd300962387,17.219855504575634
b03084cbf44b7fc100db518a5ff7ef7e9924c260,7.874427628826742
b041f9ef5ab6da232256530cf8e22c31ac99971d,-2.4618806090743197
b0718e2faa64ff947c0ba9e9516616b44c8f4a5d,-5.042078923413892
b0f303b4bc78b12a467c465db3b050425eadbf64,-5.191767369986718
b1179b71e93f6ccfe9702cc342e53c5c04d2cf60,8.449204347610861
b11bdeda44addd99b9b0cdc016fcd27262b51fdb,10.071220819090154
b11c7371190aaf26293afea3ba2146f21205f73f,-5.124365507683196
b152244728671db447c59ab0796fac9a423e1356,3.1199373170819475
b1e8855867b91eadecefd05a09f101799008b8c7,9.65178369448407
b25340984452108c2928e20f412866a7dbf4646c,-2.273793043655191
b27862a2f9590331f29ffdc8f3648dec2a7a7d30,-9.699516852701606
b2a46e3625d075ff330baf8e18019e1af424bc62,-2.369631434739433
b2b334fbcfc12bdf6bba8dc45aa8ade3ddb746aa,9.483125453145345
b2c520e7e4ea03898e0b8204fea068149d5535c8,2.9555973129759283
b392a38d92631885c3b63500548976ac63518da7,-15.178404942705932
b3946c98c388b721854634038fbd1820a7ff046d,-9.741787749251184
b3f68ef83acd623f98f4a03fc633905fb2a5b027,-5.1619150902522986
b459886eb6e03f683c364b338a5c2f4776391dbc,7.626616486245573
b45e8d507778dab56f381a681c453cbf4d3b4050,-0.9898017641593282
b4742d304d9cd4891aac3cedf5905676e9fcc9d5,-3.0438264516929
b51687ca4edcbe2376bc3204617227bceb0a52c0,10.24371556327077
b51b95c923fbe5e4f47342faa554cacb44477016,6.595874895211577
b52028ddeb0e0289019154f32e763393f83a30a9,-0.1870299461929874
b56069b7f468c9cb3ff1ed8830af52d4e2fe60c0,2.2720578196833006
b6535907c852434b9243df7a0e65f04d688d049f,-5.967714662110672
b68533a39390311fdd9ca8baced33145784eb561,-1.0950107875016388
b6cb94c201726bd4e4dcadc007dba2c69933e0c1,12.27302345193021
b6de7562a3dfc6522d1d9f86967f5159e3f2f090,-1.4044300708473787
b6e252e4989b3b422d69eae06831ad0bfd396126,7.974032266514609
b7047722486e995e27292b5ab1945d72ab5a3708,2.3460506280603877
b722e6209f2858faf0bf80947cadcbde586bb666,-6.637824468149366
b7289b3b24fd67017ed82f62a889b4c9a0fb5ba4,-4.260624102340678
b7297bd49e99532695b6290f29fac82928f9e03d,1.0722756012155834
b7298b0fe50443a623af9b56792b330c2d052845,6.108913547847148
b729f209cdcbb802e5f6f16fd902793131660968,13.801522692093545
b72f0fecebc0120609eb4643631055b2e7a31fd7,11.612313913559298
b75c5320a2ce606e7c46d1f82723e1e461f37a68,5.645959360088572
b7931b60e23916058a5767895b9214dac7a6515e,11.031214271436617
b7ea6b3de19afe8e98d52228dfcc3f3027f18891,5.027602138241219
b80a4c674f6640d304722f4a92eb9b47345f1258,-13.87752281466447
b8b78832d415b2137aaa400ec638ca3828510a71,0.5011645895101939
b8e898c506ad360ead5d4fafe6651fadfed6645a,10.506698163894445
b9cfcb9ade5f88679b72a7977c50eaca7170206b,-0.18848420771705143
b9db6bc5ded963759b9a1db58adbaad3314169d6,2.5887009826680654
ba0b274a12a5891f98da7f012d4c757aeb822917,-7.859546821471985
ba12c0a2cb367af0467e479c03507c71a805d291,-0.7446237840634105
ba37558e4c84bdb5486d1b3622b0ac7ed3d5222d,-6.623483324360225
baa9b5294556d31b066df7e0dd8b1b0b1a8bb9f2,-2.1709229421870173
baae1f7bd8567b6f9e220cc863c92124fa71e1fe,-4.573931332407018
baccf806cbacabe5f3a91ecd093cf36b4db436a6,1.8795945195075459
badea8134ecf83e912ac6628ec12465e227c1e6a,4.9263201689455265
badf8b0a0c342afb7e1eecc4fb19feb7ed28e180,8.064056160257044
baf05c058d7a427783ab9bde33f38d55ae8ac0cb,-2.617108682717701
bb603e54f5809d802fec4c70df7b2c29a5125a89,0.4921884807337982
bb6bcc05d3ef04c14c73ce93dad8c9ea60f5297b,8.797403547198789
bb81a7f88631b987cd15c8d539e806ad17a5b664,3.7418140088720824
bba75421c48ff666a96646bd283072492fc712ea,-8.029331315078771
bbaeaab91cec9991b4747c8ca3fba0981bf68ad5,-0.7573833988406888
bbb7c8095658b847103c47aa2a4b55440b0e9ffe,0.4243272121153032
bbf7f2c725fe4c3e0eb56d29707437d1603b1c56,2.379367856210441
bc1f0dc5b937d54fa64e44c1e4e0de0e5a4724c1,-6.358330471083943
bc54069a859b02cf1b00e7ab77d68132f9021c8e,6.798707113334612
bc8caaa2729aa0c9179e8d66388586a4a8586f20,6.616359001192617
bca16481f37f3534abb04344ef1855b0e56140e3,6.917108564004716
bd18fefd95851483c8aab15987fec421f92523fb,2.3444218139416986
bd53f29596985f567c39329a8f8da5100810f0fd,-7.624521495024511
bd81b591d06c4a726078a831c11516d6ee27541d,-0.6338302251821082
bd9bd34617afb5bf1f3ff27e575c4df427ac32dc,-3.7447893487823185
bda97a680a69285ab84aefb75abb53676e7f6b55,6.1569633315001875
bdc3fba009b4d570355de5bfedfb6766746789ce,9.65789456688355
bdcfd5ee015db872058dc442ab9d3c72518366ff,-9.755230548571486
bdefe60060197430834e27ee0ecc1d775f5e2b89,-0.7208847305873816
be40efffa2a2ea77d3d2fb0cf1f8dd6a8da2b287,-5.424572966592702
be6f4f4f657c80883591c6749a7951f9c992e4b9,2.9170284070150396
be7b5a55c3a0343bda6a2a6ad09c5cfe8714b27f,-1.3880760648568775
bec0491f541a76e4fa31e17842bc573c812cb528,-1.1587521249123531
bf22fb15bf51bc4bcf3d50f7494caad62a596d0e,-4.2160883318113545
bf9e4a55173e6e65b88bbf4f18744ea043b07ed6,18.55357960544815
bfb055d2c2ba396d5e6bd6022719b3ade1cd1407,14.191811587304212
bfe7f84ef78bc0134134fcb799465996fa84e4b0,4.515911072181947
c001ef5d0a98bae288e504e13db2f1d4533021f5,-7.411649167904312
c047e3345530b4b4634715536ac54cec9c756b66,3.3664123557269523
c072621681c71501470509aeb1c51e3f9f98df5e,53.8670999558679
c084f1399d2813131b70acb3920068a454cea6d5,-2.032921703408763
c096fc1d9c0ad8efae9cfd509f75522c50603692,1.8826625564262536
c0986547994c0c40ee739f045a02e1ce427ec132,2.1580189633782116
c0b8f55536e05f6da91c3b65ddfb69dc8daa12e9,6.6956962258584065
c0c13857d74703fa66da743d1d670bc2b9957f7b,-4.338487754859215
c0d3079f5b83f8962c439707b96c7ee43be2ca18,-1.2162133505312722
c1287b2f156f6963bdda82942a95288967e9422b,-8.75502707032502
c13d9b5245d8fc600da9390192908048857599ea,-6.619518142692182
c15e04639eb35379bc74fd289f38b1c9d21e2278,9.37440627595103
c162ce77f4002856b569f63b1e2b58ccd6d961e2,-0.3556909530167438
c195c2ea359350b81a96211ccb40d03fb0501e7d,1.9040001632485604
c20545cf079fcd100052faf6db21ee865023525f,-11.47553325681423
c21b13edbab3d247c8816a374ebb57ef71700952,3.556177190263724
c2660985c0dbf52fe68f7d3620fffa6ff8f2794f,-2.9733363552624335
c28a837bbc21a0b6ea686c34b12a7e6badbc9140,-6.914533959975542
c2ac862e74879f4b60191f0bb1397eff1e157c8b,10.603690666772945
c2ca84eba451533cc357b9c82cdc4c59227ee38d,8.156308358195465
c2da78b847fbfac6920b3c5a2086c79b3a2db8f7,-0.9291068486876135
c2dc9b42636e453c1ad8e7a5e490654d39dc303b,14.356384978423403
c308727c618e21c478dba676bcea9d040d179f99,5.159400591458079
c3127c3c92a3d510a78a5248b4e7fac50ab81e0b,-0.26950859767089863
c32840e4bedac9715b49ce3f04b3dedb98007cfe,44.56134170429207
c352dbabae85680f4ce4ebf67886666ce47edade,-1.2257269582414922
c3635fc4a7b4545fc6df8dcad81f86d1e08c66cc,19.621855042247105
c399382ea2553528d9b44a9aa6492cee7cf0b5c0,5.227015154447093
c3bf932c28538beb5024e80bd06e09c44661c8f7,-3.9738566264882493
c3e73d0362e2b21fae6edfcf518063e8a28b7b63,3.892412781661519
c3fdd44aeb469416e4895afe4040e54eebc23db5,-6.205021253147536
c41c79391cd0c8816cebc9a0b4ef1fcc5c2e4018,-3.4733140636676287
c4504ac02ad7e7e0c9ea3a1d78601374e483fc30,9.628195039438257
c45bf22121eaa2f37dfec2f58729d22394ea220a,12.274692664500364
c484db51bb8e5e6218578a71ca541b135c2aa1ff,0.17738745350423368
c4dc23da121e0654017198804449e35b2e9c2027,-23.34799600385719
c4f595ca17b4c13287b0beec0dbd45d0e356055b,44.339259936960644
c52befc118a44669cbf7912b419dfc433c1c0eee,-1.030672062356524
c52fc84d8cd2335788c472ff6fa6b3aaaa8f2252,-11.118257607864933
c5b963fdd21435b56c4cf55f49d652d92fc83093,-3.6148382194631905
c5d903eea354607809419b5e23c869ea16626a59,-1.7820007305185444
c60be70309789b39355dc612f36e37090ccad5dc,8.357429518963164
c667e08eaa5cf47dba38ac81da9c185659db42c2,18.167823948724767
c670d2529bab25c82fc7c3757cb11e7f2e404de8,18.217216021084674
c67df30ae6cf151f19df3e36d15f0361619ed47a,-14.537438754400892
c69dcaf9e10f52b187b13e678f9fe65505167720,5.843171316553406
c6b1b85455fc8ae7de258ff95875644d77f55254,11.31689296406947
c6e9fd605b75a5090b1879635a6db8da08b8a600,4.18576225423164
c746678029d2139e7658a0f94e98bbf09f258673,3.4620937792625437
c757c72ff79910b22c548daf9067d6a682bdbb4b,4.745867483720318
c787e77b224890e7fdcc8e2ca0c0577657d98581,3.230484184764689
c8332f72a4f6049ef2f28e4a0fcbde9d142c8591,-7.049260533346485
c846650d2b1b4a07f67e13c5aa56c15185f81f15,-4.144603059193379
c87d4a1dca2349d1fbdff1c6d6a57708c1df793e,2.5042595014815765
c8944ded19113906cf130904726028c5c1a11138,5.036507831418907
c8a8565f00553a00a5d510958dc8c40a4a477783,5.631411549867835
c8bd30152ccbeebb18f9b1fedac0869f845980df,28.209048513092636
c8d7193cba58a3bf26ba18f4ba5728c56ddcd4a3,1.1980168828390387
c8ea10d959a7c782b45e6e83040472d432fa448f,-1.7227775695180778
c9c6d1fdb1bc64d7137f0fb7050e334cbb7c0f6e,-7.042587064730685
c9c9df2ea1ddcc10cc57d4e1d92b2f8b33d94538,-0.14673161761047115
c9d7b86399869ced995a6e467a257c3915339562,2.3438484606880925
ca01f93cb3384006f7af5de96bc25f924ad8bd14,-9.102909666947987
ca3bb5c80bd96ba545e0a42232c6fcdb55f7106a,-9.890028437195518
ca6829e71c271976a4eeae12cbba5e49f232da3e,14.397411863820814
ca84b66fa8d2c26e91bcd21dea081bb062e51711,-11.064813349877433
cac291a9658d7ef15e1ef0c71b188d96eec19ad0,-25.9285999750141
cb0f9c7be617b2bd18ae83ee9e85b621cabda67c,5.24124397099728
cb16d181d96fc8c94f8416437c059b5f0aabded1,13.23610468473241
cb713a14e9dcf23999265a8826e204beb646626b,-18.230064277461196
cb72cf616f3cafed458ef94be529c172bbcc5277,5.840681719992078
cb7cbbf59876001661704aca5fa8d70467f514a6,-0.5810525663433981
cbb7db3eb5270179fe8ebb9e73dde2c894c9a971,1.9845257588216196
cc1f8f78f5ef5237c717194b38699b168c265513,9.86166107348897
cc431fffd568a0d46d302233b4d71bd216fa94f3,-2.9433765751651073
cc818564efabc759f8cfd2e978029ff6125406cf,3.320344428411932
cc8edf9c827fef5ead4c85eabf96ca7033ddf165,0.06967664522587746
ccc7600e812ec5b6e75a9b4e2b04f00a48d1a9dd,33.83401185467253
cd1c8085cc77aaebd3c527b4ecae7e9150ce0d77,1.1565707382815436
cd2b912e4a3d661cd4f500287d3bf1b4f444b7bd,-2.0645945121744536
cd2cc30c2a3c6b967fc897beaeae9d3482163a21,7.8523845212437156
cd32daa7c1ff3ed117a127c9c185c1b53a396138,12.317016269246558
cd6862158d54e5c270e8d4bed99f73f32a721e14,10.401446956103758
cdea6ad7a63edbcba925717a8c64328c255a0450,0.2664574042435386
cdfb7ea46096b2a49dd710ef5dfe7bb354cda15a,2.097475361425789
ce201bf315598feafcad345a663284bc266862c0,6.414373363473836
ce2f2072bf32af4582a24726936af34f88225213,3.962635818820386
ce3ad9b28ad26a494e6a196c110ca405402f3e9b,1.0775387163234178
ce56b4a23981e6c9f70e87f087bc1be07fdf25cd,17.47994093469785
ce5a9a38579b80879f4de53eaab2d0083b685d62,4.585434157688582
ce892387ba13c6b526d18de003b62c1bfe4c125f,7.344704356448878
cee203ff00aaca3eaaef780ea6c4a68a3f8fd2fa,6.600638101149915
cee41e969faac5fdd054a726b10fb09228eb7061,7.119281405234037
cf4bc843e5bd6ba302b1289af66f383b0329d6bf,-5.681063854905921
cf5422ab2f6793f4d5930d2901e652ed7dadac9d,1.3514769952572352
cf6788dceae33f7826997b7fa99b5189cff1aa4d,4.126372951559322
cf84076c807f395016eaee41297162276781b963,7.59548251194149
cf8a26a2ce3ac2cfd81a1050e73bdc7a4cd225e0,-11.353774333721159
cfe62afe7795494a49cfaa46bdf17c38a3c0d284,4.777648536699896
cfe97f961ec4d2fc578ef0aaf87f52c54a9aa181,1.8001296741278061
cff1765d7a97d3f012a354586ccfd49fdaf6aa44,-0.47665602190464273
d023d3790457d12ac59581326aff1a396b206d09,6.894240820312758
d0561a58b05777ad43db1e0627d8770d37c48d5e,8.56864067548798
d06025e3b7e91bb8718335f7328466206060faee,-7.615804121013498
d08b1608a634fda68fd097f278ce9fd4ac24046a,3.7514118356650377
d0d3472fa981f90d8e6d036dea4bb627c73b6592,1.2099362712706014
d0f28e44db91cce7caff1db428643300dfb3392f,1.5350821695355443
d11774bd10cd517b1cde216ca391e76efaf59b44,-5.084747698908475
d11e42daac68288eea95d8923771a326e667b520,2.776142334173931
d13ea487552242f9c688d613dab06ea5b8a867a1,7.921300854813299
d1e238d8cc58ceae3359c94b2a4a976a975fc9ac,-1.3063303818055116
d20b8e96e5c520827768fe614961d0534c6f2680,4.821993829303453
d2491eb9351f861cdcd439fd5d73883a6d681d6a,8.49044584870499
d28c344507f89c41df926794e0d5a96d10349014,16.955051357368962
d2a2d2ee79d993c9821f176d9a248223ee59b3c7,5.014239847048698
d2ef78c03149ddfd267005d0dcd248adcc227e02,-14.462078718850606
d37f552ad5c3e1e1c3fc9aebbea6cf50e1b9f334,25.04170500299424
d3de05492e2353a5f3a80b5ea37a6de4651923fe,-4.469686403133356
d4707fc4aa22e29062e02639a1b8c9f7ba3e6b65,-2.5914183095561967
d4a08e7df54afbd81401faf2e0349e88ed7fc2d9,9.787134868890382
d4a5c57c98a9d8e16b1dd93042d22cc422772b0d,-17.79893575555992
d4ca57e34b4e28a3a0c73339e0c72db036894d3a,-4.823269816962875
d5155526fe2b5c2b956687b34d478647ef6bd092,7.942800341177671
d5179819718a325ee33fa2096f37995ea6cfea8c,9.785392485119896
d525d6edf4b0c6362ddaa4814c3930a6a62bdc99,3.568380056812434
d57eca033aa6388430166086ed3d0390ffefa85d,6.630653021588798
d5841f944022e9ef49bf6ac9b5546dd82ab2784f,22.381952091889907
d5cc23d9ca216f0f8c6e5ada7c4e3284a3920958,-13.805589099141766
d5e3e0d1ec5eae8e2fc08b9c3607cc766be6dffe,-0.7497328622735897
d615e34b407b1816d1ae062d56a466c1d17b68ae,13.561669030842001
d6515d627895751c832a3075053719da2f5e6cef,-11.905230854339905
d66918b05a4d978f6aa15979c85902d09babc898,3.1242463246952283
d66c55f4502b462e88d4529dd6b4d167fd42d165,-3.3888229516988204
d68718e7e9140ca136bf5e39efd7c122632ebba2,-10.474781879629507
d69d2c6bc916b8d054bd50f4270a1c6d8cca1426,5.594015681395167
d6f54f87ad964bd1cea20ffceea962f8b6236da3,0.42453345554203836
d73a15bdcce722312152f547cec67e8dd584a6a8,-0.7140707651695481
d7a319cabc8e30b748e2beca44fc575fc83197d3,-1.5598077178278942
d7af1840c8914a381ffae4617c33ab76833d9513,0.4893363464180889
d84468682013517fdcb3506ee81783dcbdf3bad4,5.25234467403407
d8550edf3efaf335a9648aec7584ab6acb55cf30,9.007926804794266
d8ad4586476ab6240c0ec83f3c12cd4cc7a8f622,-1.2367604713063716
d8cb6954aff8cc17b05a205c949f36b46493eb8b,-8.1089208152822
d8cc02c7b6d2478b9f6d47664272c43801d6d9a9,-0.8094377507890687
d92840812393583b0f053de80ecee59f5b19bc03,1.3082354491125432
d94808bbe3e5b3ffc39c8d68e0eed70929c70762,0.8780813676857824
d982afe8253215b9a75464a85bb061d5d5f7975a,-10.53904325241519
da37e77368c2bd5a7a9792749fd6ed83e05e2515,-9.94285599854122
da7fa747f59ca321b48b414b2f884d027bc961f8,-0.22469903668904267
dace1e5b88ac51d7bd53523ad70f8d5d188b9368,5.874049872213401
dade8cdd2806e1efa138e68d984abd0ab1c87ced,6.6033389797839925
dafd07b7aab7dad9894cee44cad55efc89255614,-1.751414995725753
db4c010c135d84c00fee816a085360bca2537594,-4.10172650700496
db5924e7ed00c9136308999827d50dbcecae5091,0.9785215428326661
db7c4fbff4eaf7b21678b8b053a0c3dcd74dd2b1,0.23172710783140804
dbb0e3f3c32292438fbd39684d9f1ad153bba64a,-2.403566495243541
dbc27d6c8a04413d73a885a7b2c2d8db605504fe,-20.617094219567473
dc5325f05ad384cacb2431acfa1f398913151afb,-3.5530073515947187
dc87f8c4ae8953d2d0bcaf1a08239547d77cdee8,0.4184598304541225
dcf7777f614c11ed45f8ff82f2c44d7dd15889af,0.20146779584018937
dd98462b95687767f50edcdc4758ff5237c0bcff,-3.215392204384395
ddc549a4ced606b9181bc2e6e0bb75824fc20f70,-2.7816092425378844
ddffb03cf0301334f5a2f89626640fa8812bde5c,6.195947271250732
de163edff457321dc540b375c7b316c7f9fe73cf,1.869422430218326
dea33f83f3cd94f54f1063a0cd22eab07ec8d3cd,-9.132766004046463
defaf0c38d68f9958bd180e1a709f130a999b2e6,7.606290457559205
df15664e980175f8ee9ea6687b81c59f3139406f,-10.951116987671995
df17da01944f34b2a6b59e8d45407c1297f9834a,-4.7364694532599465
df1a661311bcb75b3b3c258c46ab75819bd6d249,3.440519638749004
df42fc345b50f42b32dc5f9df420978b1cda663d,-0.01205261908432842
df8fb59599b421d91967aa7d053fa72e91e4f6fb,-4.582979894979017
df90d9da415c30c25a16e21ca85638577961e81b,5.10510059548656
df9e2c6cfb6035fa5b26af3b101bacf64e95e913,6.8456900600755315
dfc34f90e58f60b101c824e10d74b8ad0c46a2cf,-1.6326697464532178
dfdeea1cf0b4fb6c906a25d99aa5756efe14c996,-4.541415009596953
e036815d3a8d88224e7e8a95c64ca031dd5b205f,-10.041094436935314
e04a53abed6db648ac01e162aad84ef8b608365b,7.0060773391438005
e07c3edba3602b0d172c2db763539dfa9819027c,5.345096529041266
e0850b1bd8f8de58096da128ec94efbdf5f05ca8,7.604124803664824
e105dc9d8869af3a83704a5d048424441ce4ad01,-20.12846407262383
e13e39c815ec66160db3c75b7331dc1a0dd1d4ce,0.8089799916586258
e15002a49ed03188f18c7a791c458c19d1ec973a,0.008063465760697941
e1d3226bcfad8043e69d31f3d76e719c7f041d3e,-0.20094884287661952
e20abeea371227f8a6318491ca3c0211afbdc1a1,9.86750904704802
e25991f3bf474e9b542b09aef2407a78f3ffc61d,-19.538160837365833
e2670654203c6b5aa850edf95ea9e293939963fd,5.979553663151813
e299749491b5a979701f0dedd4467ed53aaf7c7c,9.551631996282286
e2d88e3ad6275b7eca2bff120e467f9158b29fc5,-1.2663013356813821
e2ed5ffddf1e60198f9f138810f84b7107ca0561,5.427032850280593
e3919de46ecd1f707451dad4a1ac88e5b7403f11,11.277215566261322
e3b9460f9a4bd3f4a5243f388246084f41e0dab2,1.9491429639386466
e3c9abe5680cb3851ac38d00a01c46f58b6aaaeb,-0.9569046985374374
e40337a34c269120bffcc76e69700d06f6d716ce,14.710380786125313
e45204eccdaf94faa580c54b1fe1289c97b1f56c,-8.700339859151502
e460fd665c3f541f48ac4503abf2e90b9bbb3b94,7.225514056194723
e4935a868e50ec1951f892af50e2f5886c935919,34.51555380996519
e58eaf39ea458008043bd1472f267706524f1fc2,19.846685586128675
e594aa5283c8b2076ece870504b4b6b2e9c29ca9,3.624166064516109
e621f4d6991a537e4508648aa4c3fc278091ec1d,-3.666179348262494
e63a9cdc387a31ea563ecc24b20eb824a8c54ebb,-5.721940314288283
e659bb37740950badc7fac606f227ba5f74fa866,15.234216153506583
e65a627881df5d3e0bfad77c56221d858da5ead0,-1.9541362691378996
e67fff49031a4f2699f10d6a2dd89b4cafc70323,-3.095319523745318
e6900f649459ddbd9ee38b93582378162c8d77ac,6.247244188446939
e73e06dbdc983d0a3ccccdf754b85603dd0818e7,1.946322219276749
e7b94e593e93b6fe31083393cff1d63ca2142b64,-4.237895132839519
e7cef9ca74dbf2dc906e3216004a1b5e6a96e241,-8.54456363055381
e7d0678e66dad824da63837b53bb0bb38a571f42,1.764363946328415
e816ed48800359bfd078c1444a40e00be6fbb5bf,-5.773860746153008
e8335df6f0ac481c6ac16096889c51cb95ab2f6c,-6.238557181917382
e85a79ca1bb1f59951efb5c25e40e0ee73985cdb,6.382771358197476
e85a95e2eddbdafe7db54351ce3680933e09d0a3,5.37261603574254
e873b044ecba72370076d7fe198eeaad94bef3a1,-14.038858433549184
e89a4f1825ece62064e95e63475769011258af36,5.267387648226728
e90cd427d5e229999107e56e3f06953f3108635a,6.7826176352531835
e92f3d3e5a00b7767c239cac14b6d9fe92d5ef9b,1.035944407966627
e95d7442ab6fb642a8c3529ef2fc8aa25a774e13,1.857112976167591
e99d4fb3ef87d5e201da3b08841541fd953af089,2.2698169711770966
e9a8e1a87eb55c0dc1787fcaed22be98d9cc1ed0,2.8871852383528083
ea0a8f0b0b712337c3740e6ad5293f3dc47db568,-0.9107902977884947
ea2f8736bbf1d859fb5b46f848db37f421181bd4,-0.10658163878194538
ea385e57f5d3d6841a6997dd7af680e135928bca,0.61534336908508
ea55b410ce0e38664c6597e4bfa09fce84399461,-9.197335214517011
ea7332c6a62cada8a8e85200ddb71fed941ce876,2.7925104771902336
ea79d40b446a3660b4d0b01e53fc4a14bc18f60e,-11.25316946966614
ea8f19a7914d05412dc4159108d93d42a675e2e8,6.81842591220389
eaad1484ffa24b01432fa3564a8635bda0b4c34c,10.375718869828898
eadbb37222d32232022838b7765dea96bf38e0f6,-9.3858926695281
eaf60b6a377c720fa7a13f97831f38531047a217,0.3052512076477347
eaffaa19471bbf9bba8fa5808dd0904474089ae7,-0.6214873780617283
eb001120a0f842e5bbfd786652695628bd65090c,10.137545601521357
eb2a090421ba380ba6c0a8119510e031bc4e55ea,3.650455017971294
eb451c65ea210bed6af798282c2c6205c79f71fd,2.814104859037144
eb46bad8df84ccc42fb7bc9cc3a218247777367e,-4.295717880839606
eb7470e41cb0d50314e9755be518f55b093a4975,-0.1475453441187886
eb83b2280e41f55da33ed81e62d7b8ebba9a93f8,-3.783835725571466
eb870373b64f0be961f503936f7a725fca60fb32,-4.878582225244041
ebdfeac0c48444c5f4fd377145b2d97e12c78cac,27.551118576785658
ebe0702c8a0d906044fbc61cf18d3f8dc9aacef9,0.6452420887446129
ec62a3c21a4a116991338ac88863dff35157a1a7,8.705639972612246
ec7d2ce8cce8253208e8d0ae74991b46ce2eadf0,5.009496772249472
ecd66b9bbdcc6ae1eb9a6b765868cba3601730b6,3.2618917380219035
ece9b75bda9d53b5a67f7bb53b5635a3df017020,4.907590548442969
ed3e0c98995edeee0b0a55fe15929a82097e93fe,-6.822968265570654
ed6c052a16794cf2376b1497c505b438e9af69b6,-2.6399862411566533
ed8ffb58d172827f17d1abead83d9b8c44b554df,-20.36346709215491
ed9eaeb6a707f50154024b24d7efcb874a9795dd,1.7303263640438187
eda32ee9ebe79ae7f85927db19cadc6199752dfd,-8.67200626775228
edc5737211dd036ad81985e117aea3ab9cbc030a,5.818888651308281
edc641c842df448a70ce315e00b6dd4461a260a9,-2.3545104536339423
edcb11b4746d7b8056929a37a11e81b0fe3202c9,-3.0087121371074588
edd78ffaa7bc16d94ee6908b98b3d9863f492c89,4.529079838808231
ededd47b1e0c18d4af4ad2b0cc21eebcb7c6e6b9,3.9649621583728214
ee30201b0b1261fcb6cf010787990ec87343d300,54.3784962292998
eee2c3c453eb64f9c327f09e83be35ef36528101,-10.946283077271627
ef02ce9a2a904477907fe9135cdcbf1652180d31,-9.033699083235295
ef070fa973803bec505aeb6230acdd7a917e2a59,-3.7345442732452145
ef5d4cc5cd7a9d46f3e31572d97bd52423bae4e0,0.27628235683561897
efcf2fbf26e74d0af378d96a168c8cdc05c42a84,5.598533550056015
f01795183fd859bc35b074c06fd58b5e6623fb03,-6.814589318368733
f01bb96987327c1dfec6ddbc980cfd85650f20d6,-5.753683182048266
f037357014544261767c6ab5b172b246b09d3ddb,0.8142589724787359
f05838da14ca1dad97a5cc0c58323c6df9153257,6.336768773528681
f0be3049c99eb84be5aae5352c2f0ccf661e1f43,2.8521256750705923
f0cbea39c26f2cf588e04885ddc1a439564bd782,-5.947864433169635
f0d74f349e6479eaecf425634f8b0dd51e60d60c,-0.805496936775965
f126cb73dbad037e40b322f82b6f40e92a15a595,-5.93812250947527
f1299639d65fd743440958354f22154e171500d0,-6.150806942478725
f1302a0b13ef669e0d797c1d4106355cc43f7144,-0.9192304859936851
f156718d3970030deec27298f56fc78a00c00f5a,3.790781854839226
f18c98fe93f825e2c01296bad47dc072ff70eef1,0.7873350868213684
f1fb0a22c3c46fe87eaf8bdd97d80ed51436f782,2.354002199140482
f2418c1ba0f63cb975e6d8c26ce4a145b11ad924,77.89150023778568
f2c6f4d1250f2570b4dc5edfa7d0952ec4b7194f,1.108378055722101
f2d54f193cc71d429fd5803b2e4721d012afe568,6.435990020174422
f2efe01b5b7d2613529468857009a02a3cc820b6,4.685795590414963
f35248e9e95942a05313dda4f3a677705d8c651b,8.45930089813989
f38238ea1bfa182b81a7d73d563b61dbf2825754,1.8774797507123144
f382c8f54d9fc494b6d8cc0751f694f0acbddca2,-5.0412733158951815
f3a603f5ad05ee8b8374af6523467f1ee058959e,-6.878576160279775
f3a7769633f8060ffee4a0295c55ec9be084e3c0,-0.20762229397521503
f3d6d22e76fc586bffc4f5ac1d73f096f03efa0f,0.1887548303379023
f408354e704d901dac2f283fc8242d2787ee4813,1.9307580956628807
f42621bb38f167d2de3d662cbe897f5fd1234aa3,-6.500631783694916
f4367a0ab2083a66a5fa812df89e590d3fd3b5a8,-0.013018938155615167
f440f5463ae218aef17a60e9f2ffc7dbbc45dc54,2.4154888376757224
f459440c7a99294ca9763f332cd9aa09b0c280d6,2.116332723204573
f492b1eb37bae60ab4597c161e7b67d9cc9e4dc6,1.4755101249390044
f4984561cc406867aa796356b6bf10a2091e67fe,10.279166931921303
f4a045088bd0003226023c10214248049d9da90f,6.005215342538686
f4c3f24024c2e96ed13a845b5ad7213143844d9f,13.335070692025237
f4d9301713b16c13c174f19e18d0200175494a79,-5.861463592310835
f5674c61e82766371ddd913c99e6b70414f4dd55,10.518393154752474
f59fe9b15a7762aa5ffb0653396da3f4f2536553,2.9067661490769083
f5a2b63a98287f49a07f6101717dd4c1048b9903,6.80231112597208
f5ede5df58c2ea59be6b8c8097659bb8c2e9d0e9,8.987026983705842
f639cf4aa4008b2bf51b274cc01dede03666150e,35.400524871727626
f679eb92d1581b842e213a6d2a8a74a0b9ede984,12.66455953040553
f6c974c003c063735fb1afcba0aec50acdb89861,-4.039720688467621
f6f5b15522aa9457158ec6d7a16caaacd6cbee42,-2.2288481050056577
f77371745c51f549f9a641110e52f255aaed0f10,-1.0613435208495936
f78599d53dcb621a631b8dbc0feb5dd63e2aedd3,-1.2888047103355604
f7875ec1207504a229cd9b5ca132437c6bdd6a4d,3.94346753047431
f7b65fa8dfbc07f71d9e206d1e1fd35b986cab65,-2.7140086543664337
f7ce1b89f61b8a40a961d7fee02ea31d4b27583a,10.876580418269768
f7d331120e9b3a15cf4a0028849bf050846d5d6a,4.628291751974185
f7e7c21b753521a3f4eb226d9c69d71214e183bd,2.7296841459657166
f8526194e3d9450a847706ea1c474c9e1a65a3a4,4.45985151651816
f861873a2af44519d0c30b7b390257e28084c360,8.744038245900633
f86b9fba1d59be7c864d4f23d0c7674113a27cab,9.4305210592751
f8da0aad0792d4f2d30881abdbfd4029dc264842,8.405505731379758
f90fb4df43d85aad3ae9602aea19fdb4f47de984,-5.489181323713983
f91758fe4f441cd4b7b053a03252b4c50f3d4737,0.7825462250200859
f91b376092344f19705df8873d25aa4a34bafce6,-4.956153813841233
f92e3ec921384713419dca56d1fe2be1d51f1b54,-4.782844603725483
f944b947ec651ccf64807b644af38c6f04229bb7,-6.427886455374398
f947938c0e7c1345a488d9f17a74331ca6f478dc,-7.116384739564222
f9491b0ab4aee90c428545e0e315a3af1f827595,3.089241717258816
f94ac320b67f53eb86a68cf30fcced221092e7fa,-29.26498356076938
f97b1dbd007f20fea2e262e62433e01ae91da602,-16.72316881731154
f9e06c04dc036b01f65e7f71a9201922f201dade,-6.061320022648844
f9f4d4ef2a3de006bd037db9eb160ab8e51c79f2,-7.809901544957673
faab34a8374299678ccf4eaa3628cdba3b65bfa6,-2.482818605452496
fab22b3c9fd685c26953a5ffe073c4aa2a788c7a,-1.6042217083081187
fb0a2834f5f131005e12dc1962056623ee6a7188,0.5266792284405715
fbf5d7997f35a05b4f296b7b70b08866c13db856,3.9083865863949843
fc4d0cb084cf3b98bbe820a9fc36fd437940969e,-5.83804551297895
fc83d8b4ec86934a2daa128311afedeb0ca5fd50,0.4847126004315989
fcd6e54df612c033e7a465155046b5223ca4eee3,-0.1981561542967687
fcdf51cf37b314ebc57038046b859b3172117f4f,0.1870221974461157
fd29d68d81bf469540c56ab7074ad748cd72203c,-15.912538344333615
fe31861a03511f91760de27adfb8803e8ad321b8,-6.812502754091997
fe4316169ee8c83567ebc52bc629912ff65f14b6,5.333718702729909
fe516d090eef192c93197ed87878da0e23908140,0.11602303736992425
fe659e147194c97b69278c8effb4041297398009,17.316881236013685
feb8a2859a011c59efd22ed419cb69288fe03627,7.861115969231333
fef4a3263ed9a8ab14d457694bb8fd86ccd98312,-1.397469886732166
ff12d6e2ab80696ed8e22fbe5497e96c68d29076,-5.366308414985681
ff3fa2ec64294f37ae968159f810ebeda7966c51,2.2272246546237393
ffe872165621d735a48bb5db0c71dd5195cba359,-5.141610702109205
